POMCP, DPC_EPT, 1, {"Termination_parameter":1000 "Gamma":0.95 "Epsilon":0.1 "Ucb_c":5 "Rollout_capture":0 "Termination_func_param":0 "POMCP_name":"" "Prior_hybrid":null "Selection_hybrid":null "Rollout_selection":null "Early_playout_termination":null "Opponent_modelling":false "OM_Threshold":0}, {"Termination_parameter":1000 "Gamma":0.95 "Epsilon":0.1 "Ucb_c":5 "Rollout_capture":0 "Termination_func_param":0 "POMCP_name":"DPC_EPT" "Prior_hybrid":null "Selection_hybrid":null "Rollout_selection":null "Early_playout_termination":{"Max_depth":4} "Opponent_modelling":false "OM_Threshold":0}, [{1 6 false} {20 15 false} {6 11 false} {21 16 false} {11 15 true} {23 18 false} {15 20 false}], [65163 78363 76743 70622 288647 34504 601596], [1 5 5 5 1 5 4] 
POMCP, DPC_EPT, 1, {"Termination_parameter":1000 "Gamma":0.95 "Epsilon":0.1 "Ucb_c":5 "Rollout_capture":0 "Termination_func_param":0 "POMCP_name":"" "Prior_hybrid":null "Selection_hybrid":null "Rollout_selection":null "Early_playout_termination":null "Opponent_modelling":false "OM_Threshold":0}, {"Termination_parameter":1000 "Gamma":0.95 "Epsilon":0.1 "Ucb_c":5 "Rollout_capture":0 "Termination_func_param":0 "POMCP_name":"DPC_EPT" "Prior_hybrid":null "Selection_hybrid":null "Rollout_selection":null "Early_playout_termination":{"Max_depth":4} "Opponent_modelling":false "OM_Threshold":0}, [{1 6 false} {24 19 false} {6 11 false} {23 18 false} {11 16 false} {22 17 false} {16 20 true}], [69586 90750 86647 81691 86675 12357 274540], [1 5 5 5 5 5 5] 
POMCP, DPC_EPT, 1, {"Termination_parameter":1000 "Gamma":0.95 "Epsilon":0.1 "Ucb_c":5 "Rollout_capture":0 "Termination_func_param":0 "POMCP_name":"" "Prior_hybrid":null "Selection_hybrid":null "Rollout_selection":null "Early_playout_termination":null "Opponent_modelling":false "OM_Threshold":0}, {"Termination_parameter":1000 "Gamma":0.95 "Epsilon":0.1 "Ucb_c":5 "Rollout_capture":0 "Termination_func_param":0 "POMCP_name":"DPC_EPT" "Prior_hybrid":null "Selection_hybrid":null "Rollout_selection":null "Early_playout_termination":{"Max_depth":4} "Opponent_modelling":false "OM_Threshold":0}, [{3 8 false} {24 19 false} {8 13 false} {22 17 false} {13 19 true} {20 15 false} {19 23 true}], [79594 84521 86420 82397 199745 17954 684949], [1 5 5 5 1 5 3] 
POMCP, DPC_EPT, 1, {"Termination_parameter":1000 "Gamma":0.95 "Epsilon":0.1 "Ucb_c":5 "Rollout_capture":0 "Termination_func_param":0 "POMCP_name":"" "Prior_hybrid":null "Selection_hybrid":null "Rollout_selection":null "Early_playout_termination":null "Opponent_modelling":false "OM_Threshold":0}, {"Termination_parameter":1000 "Gamma":0.95 "Epsilon":0.1 "Ucb_c":5 "Rollout_capture":0 "Termination_func_param":0 "POMCP_name":"DPC_EPT" "Prior_hybrid":null "Selection_hybrid":null "Rollout_selection":null "Early_playout_termination":{"Max_depth":12} "Opponent_modelling":false "OM_Threshold":0}, [{1 6 false} {23 18 false} {6 11 false} {18 13 false} {11 16 false} {24 19 false} {16 20 true}], [67173 74230 78733 68093 81885 41585 63736], [1 5 5 5 5 5 2] 
POMCP, DPC_EPT, 1, {"Termination_parameter":1000 "Gamma":0.95 "Epsilon":0.1 "Ucb_c":5 "Rollout_capture":0 "Termination_func_param":0 "POMCP_name":"" "Prior_hybrid":null "Selection_hybrid":null "Rollout_selection":null "Early_playout_termination":null "Opponent_modelling":false "OM_Threshold":0}, {"Termination_parameter":1000 "Gamma":0.95 "Epsilon":0.1 "Ucb_c":5 "Rollout_capture":0 "Termination_func_param":0 "POMCP_name":"DPC_EPT" "Prior_hybrid":null "Selection_hybrid":null "Rollout_selection":null "Early_playout_termination":{"Max_depth":4} "Opponent_modelling":false "OM_Threshold":0}, [{1 6 false} {22 17 false} {6 11 false} {20 15 false} {11 15 true} {17 12 false} {15 20 false}], [78983 86635 88598 82867 177757 15454 654236], [1 5 5 5 1 5 3] 
POMCP, DPC_EPT, 1, {"Termination_parameter":1000 "Gamma":0.95 "Epsilon":0.1 "Ucb_c":5 "Rollout_capture":0 "Termination_func_param":0 "POMCP_name":"" "Prior_hybrid":null "Selection_hybrid":null "Rollout_selection":null "Early_playout_termination":null "Opponent_modelling":false "OM_Threshold":0}, {"Termination_parameter":1000 "Gamma":0.95 "Epsilon":0.1 "Ucb_c":5 "Rollout_capture":0 "Termination_func_param":0 "POMCP_name":"DPC_EPT" "Prior_hybrid":null "Selection_hybrid":null "Rollout_selection":null "Early_playout_termination":{"Max_depth":12} "Opponent_modelling":false "OM_Threshold":0}, [{1 6 false} {21 16 false} {6 11 false} {22 17 false} {11 17 true} {16 11 false} {17 22 false}], [72563 75669 78645 77702 214553 31605 624286], [1 5 5 5 1 5 3] 
POMCP, DPC_EPT, 1, {"Termination_parameter":1000 "Gamma":0.95 "Epsilon":0.1 "Ucb_c":5 "Rollout_capture":0 "Termination_func_param":0 "POMCP_name":"" "Prior_hybrid":null "Selection_hybrid":null "Rollout_selection":null "Early_playout_termination":null "Opponent_modelling":false "OM_Threshold":0}, {"Termination_parameter":1000 "Gamma":0.95 "Epsilon":0.1 "Ucb_c":5 "Rollout_capture":0 "Termination_func_param":0 "POMCP_name":"DPC_EPT" "Prior_hybrid":null "Selection_hybrid":null "Rollout_selection":null "Early_playout_termination":{"Max_depth":4} "Opponent_modelling":false "OM_Threshold":0}, [{1 6 false} {22 17 false} {6 11 false} {17 11 true} {2 7 false} {21 16 false} {7 11 true} {20 15 false} {11 15 true} {16 11 false} {15 20 false}], [75959 89514 88665 82882 83391 12403 64713 3112 434281 2701 834979], [1 5 5 5 2 5 8 5 1 5 3] 
POMCP, DPC_EPT, -1, {"Termination_parameter":1000 "Gamma":0.95 "Epsilon":0.1 "Ucb_c":5 "Rollout_capture":0 "Termination_func_param":0 "POMCP_name":"" "Prior_hybrid":null "Selection_hybrid":null "Rollout_selection":null "Early_playout_termination":null "Opponent_modelling":false "OM_Threshold":0}, {"Termination_parameter":1000 "Gamma":0.95 "Epsilon":0.1 "Ucb_c":5 "Rollout_capture":0 "Termination_func_param":0 "POMCP_name":"DPC_EPT" "Prior_hybrid":null "Selection_hybrid":null "Rollout_selection":null "Early_playout_termination":{"Max_depth":12} "Opponent_modelling":false "OM_Threshold":0}, [{1 6 false} {24 19 false} {6 11 false} {23 18 false} {11 16 false} {22 16 true} {2 7 false} {16 11 false} {7 11 true} {19 14 false} {4 9 false} {18 13 false} {0 5 false} {13 9 true} {3 9 true} {20 15 false} {5 10 false} {15 11 true} {10 15 false} {21 15 true}], [79814 85393 76845 73608 89763 25140 53285 2753 76684 3605 136625 3881 175553 3759 324365 3363 548293 3453 815623 3933], [1 5 5 5 5 5 8 5 5 5 6 5 2 5 2 5 1 5 1 5] 
POMCP, DPC_EPT, 1, {"Termination_parameter":1000 "Gamma":0.95 "Epsilon":0.1 "Ucb_c":5 "Rollout_capture":0 "Termination_func_param":0 "POMCP_name":"" "Prior_hybrid":null "Selection_hybrid":null "Rollout_selection":null "Early_playout_termination":null "Opponent_modelling":false "OM_Threshold":0}, {"Termination_parameter":1000 "Gamma":0.95 "Epsilon":0.1 "Ucb_c":5 "Rollout_capture":0 "Termination_func_param":0 "POMCP_name":"DPC_EPT" "Prior_hybrid":null "Selection_hybrid":null "Rollout_selection":null "Early_playout_termination":{"Max_depth":4} "Opponent_modelling":false "OM_Threshold":0}, [{3 8 false} {23 18 false} {8 13 false} {21 16 false} {2 7 false} {16 11 false} {4 9 false} {11 6 false} {0 5 false} {22 17 false} {13 17 true} {20 15 false} {17 22 false}], [74955 91706 85221 81241 76028 11324 80387 3640 105224 3532 140677 3859 194818], [1 5 5 5 2 5 1 5 1 5 1 5 2] 
POMCP, DPC_EPT, 1, {"Termination_parameter":1000 "Gamma":0.95 "Epsilon":0.1 "Ucb_c":5 "Rollout_capture":0 "Termination_func_param":0 "POMCP_name":"" "Prior_hybrid":null "Selection_hybrid":null "Rollout_selection":null "Early_playout_termination":null "Opponent_modelling":false "OM_Threshold":0}, {"Termination_parameter":1000 "Gamma":0.95 "Epsilon":0.1 "Ucb_c":5 "Rollout_capture":0 "Termination_func_param":0 "POMCP_name":"DPC_EPT" "Prior_hybrid":null "Selection_hybrid":null "Rollout_selection":null "Early_playout_termination":{"Max_depth":12} "Opponent_modelling":false "OM_Threshold":0}, [{3 8 false} {23 18 false} {8 13 false} {21 16 false} {2 7 false} {22 17 false} {13 17 true} {24 19 false} {17 22 false}], [74982 78312 85759 76196 74229 30392 198050 2869 714945], [1 5 5 5 2 5 2 5 2] 
POMCP, DPC_EPT, 1, {"Termination_parameter":1000 "Gamma":0.95 "Epsilon":0.1 "Ucb_c":5 "Rollout_capture":0 "Termination_func_param":0 "POMCP_name":"" "Prior_hybrid":null "Selection_hybrid":null "Rollout_selection":null "Early_playout_termination":null "Opponent_modelling":false "OM_Threshold":0}, {"Termination_parameter":1000 "Gamma":0.95 "Epsilon":0.1 "Ucb_c":5 "Rollout_capture":0 "Termination_func_param":0 "POMCP_name":"DPC_EPT" "Prior_hybrid":null "Selection_hybrid":null "Rollout_selection":null "Early_playout_termination":{"Max_depth":4} "Opponent_modelling":false "OM_Threshold":0}, [{3 8 false} {21 16 false} {8 13 false} {16 11 false} {13 18 false} {20 15 false} {18 24 true}], [77100 90847 82483 78508 88075 14317 68689], [1 5 5 5 5 5 2] 
POMCP, DPC_EPT, 1, {"Termination_parameter":1000 "Gamma":0.95 "Epsilon":0.1 "Ucb_c":5 "Rollout_capture":0 "Termination_func_param":0 "POMCP_name":"" "Prior_hybrid":null "Selection_hybrid":null "Rollout_selection":null "Early_playout_termination":null "Opponent_modelling":false "OM_Threshold":0}, {"Termination_parameter":1000 "Gamma":0.95 "Epsilon":0.1 "Ucb_c":5 "Rollout_capture":0 "Termination_func_param":0 "POMCP_name":"DPC_EPT" "Prior_hybrid":null "Selection_hybrid":null "Rollout_selection":null "Early_playout_termination":{"Max_depth":12} "Opponent_modelling":false "OM_Threshold":0}, [{1 6 false} {20 15 false} {6 11 false} {24 19 false} {11 15 true} {19 14 false} {15 21 true}], [75214 80823 85441 73571 170640 29674 617035], [1 5 5 5 2 5 5] 
POMCP, DPC_EPT, 0, {"Termination_parameter":1000 "Gamma":0.95 "Epsilon":0.1 "Ucb_c":5 "Rollout_capture":0 "Termination_func_param":0 "POMCP_name":"" "Prior_hybrid":null "Selection_hybrid":null "Rollout_selection":null "Early_playout_termination":null "Opponent_modelling":false "OM_Threshold":0}, {"Termination_parameter":1000 "Gamma":0.95 "Epsilon":0.1 "Ucb_c":5 "Rollout_capture":0 "Termination_func_param":0 "POMCP_name":"DPC_EPT" "Prior_hybrid":null "Selection_hybrid":null "Rollout_selection":null "Early_playout_termination":{"Max_depth":4} "Opponent_modelling":false "OM_Threshold":0}, [{3 8 false} {24 19 false} {8 13 false} {19 13 true} {2 7 false} {13 8 false} {4 8 true} {23 18 false} {7 12 false} {21 16 false} {12 17 false} {20 15 false} {0 5 false} {18 13 false} {1 6 false} {16 11 false} {5 11 true} {15 11 true}], [75352 87690 86399 77260 83083 18619 64922 3545 6374 3616 170735 3953 254022 3744 391778 3486 491363 3967], [1 5 5 5 2 5 2 5 8 5 2 5 2 5 1 5 1 5] 
POMCP, DPC_EPT, 1, {"Termination_parameter":1000 "Gamma":0.95 "Epsilon":0.1 "Ucb_c":5 "Rollout_capture":0 "Termination_func_param":0 "POMCP_name":"" "Prior_hybrid":null "Selection_hybrid":null "Rollout_selection":null "Early_playout_termination":null "Opponent_modelling":false "OM_Threshold":0}, {"Termination_parameter":1000 "Gamma":0.95 "Epsilon":0.1 "Ucb_c":5 "Rollout_capture":0 "Termination_func_param":0 "POMCP_name":"DPC_EPT" "Prior_hybrid":null "Selection_hybrid":null "Rollout_selection":null "Early_playout_termination":{"Max_depth":12} "Opponent_modelling":false "OM_Threshold":0}, [{1 6 false} {20 15 false} {6 11 false} {24 19 false} {11 15 true} {21 15 true} {2 7 false} {23 18 false} {3 8 false} {19 14 false} {8 14 true} {15 10 false} {14 19 false} {18 13 false} {19 24 false}], [73049 80786 80769 75316 162821 28645 85229 3582 101983 3589 165096 3689 231314 3666 254455], [1 5 5 5 2 5 2 5 6 5 3 5 2 5 2] 
POMCP, DPC_EPT, 1, {"Termination_parameter":1000 "Gamma":0.95 "Epsilon":0.1 "Ucb_c":5 "Rollout_capture":0 "Termination_func_param":0 "POMCP_name":"" "Prior_hybrid":null "Selection_hybrid":null "Rollout_selection":null "Early_playout_termination":null "Opponent_modelling":false "OM_Threshold":0}, {"Termination_parameter":1000 "Gamma":0.95 "Epsilon":0.1 "Ucb_c":5 "Rollout_capture":0 "Termination_func_param":0 "POMCP_name":"DPC_EPT" "Prior_hybrid":null "Selection_hybrid":null "Rollout_selection":null "Early_playout_termination":{"Max_depth":12} "Opponent_modelling":false "OM_Threshold":0}, [{1 6 false} {23 18 false} {6 11 false} {22 17 false} {11 17 true} {18 13 false} {17 21 true}], [77875 80327 81513 72559 151216 31222 565083], [1 5 5 5 2 5 3] 
POMCP, DPC_EPT, 1, {"Termination_parameter":1000 "Gamma":0.95 "Epsilon":0.1 "Ucb_c":5 "Rollout_capture":0 "Termination_func_param":0 "POMCP_name":"" "Prior_hybrid":null "Selection_hybrid":null "Rollout_selection":null "Early_playout_termination":null "Opponent_modelling":false "OM_Threshold":0}, {"Termination_parameter":1000 "Gamma":0.95 "Epsilon":0.1 "Ucb_c":5 "Rollout_capture":0 "Termination_func_param":0 "POMCP_name":"DPC_EPT" "Prior_hybrid":null "Selection_hybrid":null "Rollout_selection":null "Early_playout_termination":{"Max_depth":4} "Opponent_modelling":false "OM_Threshold":0}, [{3 8 false} {20 15 false} {8 13 false} {23 18 false} {2 7 false} {15 10 false} {4 9 false} {21 16 false} {1 6 false} {16 11 false} {7 11 true} {10 5 false} {9 14 false} {18 14 true} {13 18 false} {22 18 true} {11 16 false} {24 19 false} {16 21 false}], [73767 91611 82700 73904 77754 18710 58607 3794 83240 3297 109575 3637 216728 4025 401034 4034 584435 3980 1102026], [1 5 5 5 2 5 2 5 1 5 1 5 1 5 1 5 2 5 4] 
POMCP, DPC_EPT, 1, {"Termination_parameter":1000 "Gamma":0.95 "Epsilon":0.1 "Ucb_c":5 "Rollout_capture":0 "Termination_func_param":0 "POMCP_name":"" "Prior_hybrid":null "Selection_hybrid":null "Rollout_selection":null "Early_playout_termination":null "Opponent_modelling":false "OM_Threshold":0}, {"Termination_parameter":1000 "Gamma":0.95 "Epsilon":0.1 "Ucb_c":5 "Rollout_capture":0 "Termination_func_param":0 "POMCP_name":"DPC_EPT" "Prior_hybrid":null "Selection_hybrid":null "Rollout_selection":null "Early_playout_termination":{"Max_depth":12} "Opponent_modelling":false "OM_Threshold":0}, [{3 8 false} {22 17 false} {8 13 false} {17 13 true} {2 7 false} {13 7 true} {1 7 true} {23 18 false} {7 12 false} {21 16 false} {12 17 false} {18 13 false} {17 22 false}], [74676 85163 86038 76476 89609 23694 112016 4022 131584 4178 282484 3985 888242], [1 5 5 5 2 5 2 5 8 5 2 5 4] 
POMCP, DPC_EPT, 1, {"Termination_parameter":1000 "Gamma":0.95 "Epsilon":0.1 "Ucb_c":5 "Rollout_capture":0 "Termination_func_param":0 "POMCP_name":"" "Prior_hybrid":null "Selection_hybrid":null "Rollout_selection":null "Early_playout_termination":null "Opponent_modelling":false "OM_Threshold":0}, {"Termination_parameter":1000 "Gamma":0.95 "Epsilon":0.1 "Ucb_c":5 "Rollout_capture":0 "Termination_func_param":0 "POMCP_name":"DPC_EPT" "Prior_hybrid":null "Selection_hybrid":null "Rollout_selection":null "Early_playout_termination":{"Max_depth":4} "Opponent_modelling":false "OM_Threshold":0}, [{3 8 false} {24 19 false} {8 13 false} {20 15 false} {13 19 true} {23 19 true} {0 5 false} {21 16 false} {1 6 false} {22 17 false} {2 7 false} {19 14 false} {6 11 false} {17 11 true} {5 10 false} {11 7 true} {10 16 true} {14 9 false} {16 21 false}], [72297 91239 86123 81086 175491 12569 100307 4022 121297 3858 147362 3719 209244 4059 260666 4045 746401 3749 1635768], [1 5 5 5 2 5 2 5 5 5 4 5 1 5 2 5 1 5 1] 
POMCP, DPC_EPT, 1, {"Termination_parameter":1000 "Gamma":0.95 "Epsilon":0.1 "Ucb_c":5 "Rollout_capture":0 "Termination_func_param":0 "POMCP_name":"" "Prior_hybrid":null "Selection_hybrid":null "Rollout_selection":null "Early_playout_termination":null "Opponent_modelling":false "OM_Threshold":0}, {"Termination_parameter":1000 "Gamma":0.95 "Epsilon":0.1 "Ucb_c":5 "Rollout_capture":0 "Termination_func_param":0 "POMCP_name":"DPC_EPT" "Prior_hybrid":null "Selection_hybrid":null "Rollout_selection":null "Early_playout_termination":{"Max_depth":12} "Opponent_modelling":false "OM_Threshold":0}, [{1 6 false} {24 19 false} {6 11 false} {21 16 false} {2 7 false} {19 14 false} {7 12 false} {22 17 false} {0 5 false} {14 9 false} {3 8 false} {23 18 false} {12 18 true} {20 15 false} {18 23 false}], [75115 82800 83212 77312 75391 24819 60653 4119 94310 3671 131801 3993 158420 4079 257043], [1 5 5 5 2 5 2 5 1 5 1 5 1 5 1] 
POMCP, DPC_EPT, 1, {"Termination_parameter":1000 "Gamma":0.95 "Epsilon":0.1 "Ucb_c":5 "Rollout_capture":0 "Termination_func_param":0 "POMCP_name":"" "Prior_hybrid":null "Selection_hybrid":null "Rollout_selection":null "Early_playout_termination":null "Opponent_modelling":false "OM_Threshold":0}, {"Termination_parameter":1000 "Gamma":0.95 "Epsilon":0.1 "Ucb_c":5 "Rollout_capture":0 "Termination_func_param":0 "POMCP_name":"DPC_EPT" "Prior_hybrid":null "Selection_hybrid":null "Rollout_selection":null "Early_playout_termination":{"Max_depth":12} "Opponent_modelling":false "OM_Threshold":0}, [{1 6 false} {23 18 false} {6 11 false} {20 15 false} {11 15 true} {18 13 false} {15 21 true}], [78656 85574 89073 78649 184311 20943 588568], [1 5 5 5 2 5 5] 
POMCP, DPC_EPT, 1, {"Termination_parameter":1000 "Gamma":0.95 "Epsilon":0.1 "Ucb_c":5 "Rollout_capture":0 "Termination_func_param":0 "POMCP_name":"" "Prior_hybrid":null "Selection_hybrid":null "Rollout_selection":null "Early_playout_termination":null "Opponent_modelling":false "OM_Threshold":0}, {"Termination_parameter":1000 "Gamma":0.95 "Epsilon":0.1 "Ucb_c":5 "Rollout_capture":0 "Termination_func_param":0 "POMCP_name":"DPC_EPT" "Prior_hybrid":null "Selection_hybrid":null "Rollout_selection":null "Early_playout_termination":{"Max_depth":4} "Opponent_modelling":false "OM_Threshold":0}, [{1 6 false} {23 18 false} {6 11 false} {21 16 false} {2 7 false} {24 19 false} {0 5 false} {19 14 false} {5 10 false} {20 15 false} {11 15 true} {16 10 true} {15 20 false}], [77525 91920 87451 82771 71408 10544 59927 3742 82778 3501 112300 3949 838242], [1 5 5 5 2 5 2 5 1 5 1 5 1] 
POMCP, DPC_EPT, 1, {"Termination_parameter":1000 "Gamma":0.95 "Epsilon":0.1 "Ucb_c":5 "Rollout_capture":0 "Termination_func_param":0 "POMCP_name":"" "Prior_hybrid":null "Selection_hybrid":null "Rollout_selection":null "Early_playout_termination":null "Opponent_modelling":false "OM_Threshold":0}, {"Termination_parameter":1000 "Gamma":0.95 "Epsilon":0.1 "Ucb_c":5 "Rollout_capture":0 "Termination_func_param":0 "POMCP_name":"DPC_EPT" "Prior_hybrid":null "Selection_hybrid":null "Rollout_selection":null "Early_playout_termination":{"Max_depth":12} "Opponent_modelling":false "OM_Threshold":0}, [{3 8 false} {24 19 false} {8 13 false} {19 14 false} {13 18 false} {14 9 false} {18 22 true}], [72538 73839 84857 75310 95883 35224 777775], [1 5 5 5 5 5 1] 
POMCP, DPC_EPT, 1, {"Termination_parameter":1000 "Gamma":0.95 "Epsilon":0.1 "Ucb_c":5 "Rollout_capture":0 "Termination_func_param":0 "POMCP_name":"" "Prior_hybrid":null "Selection_hybrid":null "Rollout_selection":null "Early_playout_termination":null "Opponent_modelling":false "OM_Threshold":0}, {"Termination_parameter":1000 "Gamma":0.95 "Epsilon":0.1 "Ucb_c":5 "Rollout_capture":0 "Termination_func_param":0 "POMCP_name":"DPC_EPT" "Prior_hybrid":null "Selection_hybrid":null "Rollout_selection":null "Early_playout_termination":{"Max_depth":4} "Opponent_modelling":false "OM_Threshold":0}, [{3 8 false} {20 15 false} {8 13 false} {15 10 false} {13 18 false} {21 16 false} {18 24 true}], [74875 90126 86289 80415 88413 14313 68699], [1 5 5 5 5 5 2] 
POMCP, DPC_EPT, 1, {"Termination_parameter":1000 "Gamma":0.95 "Epsilon":0.1 "Ucb_c":5 "Rollout_capture":0 "Termination_func_param":0 "POMCP_name":"" "Prior_hybrid":null "Selection_hybrid":null "Rollout_selection":null "Early_playout_termination":null "Opponent_modelling":false "OM_Threshold":0}, {"Termination_parameter":1000 "Gamma":0.95 "Epsilon":0.1 "Ucb_c":5 "Rollout_capture":0 "Termination_func_param":0 "POMCP_name":"DPC_EPT" "Prior_hybrid":null "Selection_hybrid":null "Rollout_selection":null "Early_playout_termination":{"Max_depth":12} "Opponent_modelling":false "OM_Threshold":0}, [{3 8 false} {22 17 false} {8 13 false} {23 18 false} {13 17 true} {24 19 false} {17 22 false}], [78056 83439 86583 76497 184727 24857 592098], [1 5 5 5 1 5 3] 
POMCP, DPC_EPT, 1, {"Termination_parameter":1000 "Gamma":0.95 "Epsilon":0.1 "Ucb_c":5 "Rollout_capture":0 "Termination_func_param":0 "POMCP_name":"" "Prior_hybrid":null "Selection_hybrid":null "Rollout_selection":null "Early_playout_termination":null "Opponent_modelling":false "OM_Threshold":0}, {"Termination_parameter":1000 "Gamma":0.95 "Epsilon":0.1 "Ucb_c":5 "Rollout_capture":0 "Termination_func_param":0 "POMCP_name":"DPC_EPT" "Prior_hybrid":null "Selection_hybrid":null "Rollout_selection":null "Early_playout_termination":{"Max_depth":4} "Opponent_modelling":false "OM_Threshold":0}, [{3 8 false} {24 19 false} {8 13 false} {21 16 false} {13 19 true} {22 17 false} {19 24 false}], [72703 81925 86182 80580 185235 21731 639227], [1 5 5 5 2 5 5] 
POMCP, DPC_EPT, 1, {"Termination_parameter":1000 "Gamma":0.95 "Epsilon":0.1 "Ucb_c":5 "Rollout_capture":0 "Termination_func_param":0 "POMCP_name":"" "Prior_hybrid":null "Selection_hybrid":null "Rollout_selection":null "Early_playout_termination":null "Opponent_modelling":false "OM_Threshold":0}, {"Termination_parameter":1000 "Gamma":0.95 "Epsilon":0.1 "Ucb_c":5 "Rollout_capture":0 "Termination_func_param":0 "POMCP_name":"DPC_EPT" "Prior_hybrid":null "Selection_hybrid":null "Rollout_selection":null "Early_playout_termination":{"Max_depth":12} "Opponent_modelling":false "OM_Threshold":0}, [{1 6 false} {20 15 false} {6 11 false} {22 17 false} {11 15 true} {24 19 false} {15 21 true}], [76337 83921 84793 74848 192323 26212 644129], [1 5 5 5 1 5 3] 
POMCP, DPC_EPT, 1, {"Termination_parameter":1000 "Gamma":0.95 "Epsilon":0.1 "Ucb_c":5 "Rollout_capture":0 "Termination_func_param":0 "POMCP_name":"" "Prior_hybrid":null "Selection_hybrid":null "Rollout_selection":null "Early_playout_termination":null "Opponent_modelling":false "OM_Threshold":0}, {"Termination_parameter":1000 "Gamma":0.95 "Epsilon":0.1 "Ucb_c":5 "Rollout_capture":0 "Termination_func_param":0 "POMCP_name":"DPC_EPT" "Prior_hybrid":null "Selection_hybrid":null "Rollout_selection":null "Early_playout_termination":{"Max_depth":4} "Opponent_modelling":false "OM_Threshold":0}, [{1 6 false} {24 19 false} {6 11 false} {22 17 false} {11 17 true} {21 16 false} {17 23 true}], [76711 90794 79140 79344 142914 14408 682423], [1 5 5 5 2 5 1] 
POMCP, DPC_EPT, 1, {"Termination_parameter":1000 "Gamma":0.95 "Epsilon":0.1 "Ucb_c":5 "Rollout_capture":0 "Termination_func_param":0 "POMCP_name":"" "Prior_hybrid":null "Selection_hybrid":null "Rollout_selection":null "Early_playout_termination":null "Opponent_modelling":false "OM_Threshold":0}, {"Termination_parameter":1000 "Gamma":0.95 "Epsilon":0.1 "Ucb_c":5 "Rollout_capture":0 "Termination_func_param":0 "POMCP_name":"DPC_EPT" "Prior_hybrid":null "Selection_hybrid":null "Rollout_selection":null "Early_playout_termination":{"Max_depth":4} "Opponent_modelling":false "OM_Threshold":0}, [{1 6 false} {23 18 false} {6 11 false} {24 19 false} {11 16 false} {19 14 false} {16 20 true}], [71853 90101 83273 75810 93359 18545 68873], [1 5 5 5 5 5 2] 
POMCP, DPC_EPT, 1, {"Termination_parameter":1000 "Gamma":0.95 "Epsilon":0.1 "Ucb_c":5 "Rollout_capture":0 "Termination_func_param":0 "POMCP_name":"" "Prior_hybrid":null "Selection_hybrid":null "Rollout_selection":null "Early_playout_termination":null "Opponent_modelling":false "OM_Threshold":0}, {"Termination_parameter":1000 "Gamma":0.95 "Epsilon":0.1 "Ucb_c":5 "Rollout_capture":0 "Termination_func_param":0 "POMCP_name":"DPC_EPT" "Prior_hybrid":null "Selection_hybrid":null "Rollout_selection":null "Early_playout_termination":{"Max_depth":12} "Opponent_modelling":false "OM_Threshold":0}, [{3 8 false} {22 17 false} {8 13 false} {24 19 false} {13 19 true} {23 19 true} {2 7 false} {20 15 false} {1 6 false} {17 12 false} {6 12 true} {15 10 false} {12 17 false} {19 14 false} {17 21 true}], [72171 82557 74468 72766 189200 29302 108033 3957 120334 3678 166435 3601 223024 3594 310356], [1 5 5 5 1 5 1 5 3 5 3 5 2 5 1] 
POMCP, DPC_EPT, 1, {"Termination_parameter":1000 "Gamma":0.95 "Epsilon":0.1 "Ucb_c":5 "Rollout_capture":0 "Termination_func_param":0 "POMCP_name":"" "Prior_hybrid":null "Selection_hybrid":null "Rollout_selection":null "Early_playout_termination":null "Opponent_modelling":false "OM_Threshold":0}, {"Termination_parameter":1000 "Gamma":0.95 "Epsilon":0.1 "Ucb_c":5 "Rollout_capture":0 "Termination_func_param":0 "POMCP_name":"DPC_EPT" "Prior_hybrid":null "Selection_hybrid":null "Rollout_selection":null "Early_playout_termination":{"Max_depth":4} "Opponent_modelling":false "OM_Threshold":0}, [{1 6 false} {24 19 false} {6 11 false} {23 18 false} {11 16 false} {22 17 false} {16 20 true}], [76682 84382 77661 80266 89081 19789 279370], [1 5 5 5 5 5 5] 
POMCP, DPC_EPT, 1, {"Termination_parameter":1000 "Gamma":0.95 "Epsilon":0.1 "Ucb_c":5 "Rollout_capture":0 "Termination_func_param":0 "POMCP_name":"" "Prior_hybrid":null "Selection_hybrid":null "Rollout_selection":null "Early_playout_termination":null "Opponent_modelling":false "OM_Threshold":0}, {"Termination_parameter":1000 "Gamma":0.95 "Epsilon":0.1 "Ucb_c":5 "Rollout_capture":0 "Termination_func_param":0 "POMCP_name":"DPC_EPT" "Prior_hybrid":null "Selection_hybrid":null "Rollout_selection":null "Early_playout_termination":{"Max_depth":12} "Opponent_modelling":false "OM_Threshold":0}, [{3 8 false} {21 16 false} {8 13 false} {16 11 false} {13 18 false} {24 19 false} {18 22 true}], [76061 85110 85238 77514 87346 22333 644286], [1 5 5 5 5 5 5] 
POMCP, DPC_EPT, 1, {"Termination_parameter":1000 "Gamma":0.95 "Epsilon":0.1 "Ucb_c":5 "Rollout_capture":0 "Termination_func_param":0 "POMCP_name":"" "Prior_hybrid":null "Selection_hybrid":null "Rollout_selection":null "Early_playout_termination":null "Opponent_modelling":false "OM_Threshold":0}, {"Termination_parameter":1000 "Gamma":0.95 "Epsilon":0.1 "Ucb_c":5 "Rollout_capture":0 "Termination_func_param":0 "POMCP_name":"DPC_EPT" "Prior_hybrid":null "Selection_hybrid":null "Rollout_selection":null "Early_playout_termination":{"Max_depth":12} "Opponent_modelling":false "OM_Threshold":0}, [{1 6 false} {21 16 false} {6 11 false} {22 17 false} {11 17 true} {20 15 false} {17 23 true}], [76655 79063 76019 73651 199078 32131 605591], [1 5 5 5 1 5 3] 
POMCP, DPC_EPT, 1, {"Termination_parameter":1000 "Gamma":0.95 "Epsilon":0.1 "Ucb_c":5 "Rollout_capture":0 "Termination_func_param":0 "POMCP_name":"" "Prior_hybrid":null "Selection_hybrid":null "Rollout_selection":null "Early_playout_termination":null "Opponent_modelling":false "OM_Threshold":0}, {"Termination_parameter":1000 "Gamma":0.95 "Epsilon":0.1 "Ucb_c":5 "Rollout_capture":0 "Termination_func_param":0 "POMCP_name":"DPC_EPT" "Prior_hybrid":null "Selection_hybrid":null "Rollout_selection":null "Early_playout_termination":{"Max_depth":4} "Opponent_modelling":false "OM_Threshold":0}, [{1 6 false} {24 19 false} {6 11 false} {20 15 false} {11 15 true} {21 15 true} {4 9 false} {23 18 false} {9 14 false} {22 17 false} {14 18 true} {17 12 false} {18 23 false}], [75964 85603 83717 80537 172746 17864 97699 3911 122464 3532 207545 3299 438644], [1 5 5 5 2 5 2 5 5 5 2 5 3] 
POMCP, DPC_EPT, 1, {"Termination_parameter":1000 "Gamma":0.95 "Epsilon":0.1 "Ucb_c":5 "Rollout_capture":0 "Termination_func_param":0 "POMCP_name":"" "Prior_hybrid":null "Selection_hybrid":null "Rollout_selection":null "Early_playout_termination":null "Opponent_modelling":false "OM_Threshold":0}, {"Termination_parameter":1000 "Gamma":0.95 "Epsilon":0.1 "Ucb_c":5 "Rollout_capture":0 "Termination_func_param":0 "POMCP_name":"DPC_EPT" "Prior_hybrid":null "Selection_hybrid":null "Rollout_selection":null "Early_playout_termination":{"Max_depth":12} "Opponent_modelling":false "OM_Threshold":0}, [{3 8 false} {23 18 false} {8 13 false} {22 17 false} {13 17 true} {21 16 false} {17 22 false}], [73698 78535 83045 74467 198757 31022 641449], [1 5 5 5 1 5 1] 
POMCP, DPC_EPT, 1, {"Termination_parameter":1000 "Gamma":0.95 "Epsilon":0.1 "Ucb_c":5 "Rollout_capture":0 "Termination_func_param":0 "POMCP_name":"" "Prior_hybrid":null "Selection_hybrid":null "Rollout_selection":null "Early_playout_termination":null "Opponent_modelling":false "OM_Threshold":0}, {"Termination_parameter":1000 "Gamma":0.95 "Epsilon":0.1 "Ucb_c":5 "Rollout_capture":0 "Termination_func_param":0 "POMCP_name":"DPC_EPT" "Prior_hybrid":null "Selection_hybrid":null "Rollout_selection":null "Early_playout_termination":{"Max_depth":4} "Opponent_modelling":false "OM_Threshold":0}, [{1 6 false} {20 15 false} {6 11 false} {22 17 false} {11 15 true} {23 18 false} {15 20 false}], [73350 87345 76858 73015 172568 23391 618741], [1 5 5 5 1 5 3] 
POMCP, DPC_EPT, 1, {"Termination_parameter":1000 "Gamma":0.95 "Epsilon":0.1 "Ucb_c":5 "Rollout_capture":0 "Termination_func_param":0 "POMCP_name":"" "Prior_hybrid":null "Selection_hybrid":null "Rollout_selection":null "Early_playout_termination":null "Opponent_modelling":false "OM_Threshold":0}, {"Termination_parameter":1000 "Gamma":0.95 "Epsilon":0.1 "Ucb_c":5 "Rollout_capture":0 "Termination_func_param":0 "POMCP_name":"DPC_EPT" "Prior_hybrid":null "Selection_hybrid":null "Rollout_selection":null "Early_playout_termination":{"Max_depth":12} "Opponent_modelling":false "OM_Threshold":0}, [{3 8 false} {22 17 false} {8 13 false} {17 12 false} {13 18 false} {20 15 false} {18 24 true}], [70575 76695 84854 75214 88005 32317 272114], [1 5 5 5 5 5 5] 
POMCP, DPC_EPT, 1, {"Termination_parameter":1000 "Gamma":0.95 "Epsilon":0.1 "Ucb_c":5 "Rollout_capture":0 "Termination_func_param":0 "POMCP_name":"" "Prior_hybrid":null "Selection_hybrid":null "Rollout_selection":null "Early_playout_termination":null "Opponent_modelling":false "OM_Threshold":0}, {"Termination_parameter":1000 "Gamma":0.95 "Epsilon":0.1 "Ucb_c":5 "Rollout_capture":0 "Termination_func_param":0 "POMCP_name":"DPC_EPT" "Prior_hybrid":null "Selection_hybrid":null "Rollout_selection":null "Early_playout_termination":{"Max_depth":12} "Opponent_modelling":false "OM_Threshold":0}, [{3 8 false} {23 18 false} {8 13 false} {20 15 false} {2 7 false} {21 16 false} {7 12 false} {16 11 false} {12 18 true} {24 18 true} {0 5 false} {11 6 false} {4 9 false} {22 17 false} {13 17 true} {18 13 false} {17 22 false}], [73499 77369 75927 73968 82590 32345 59802 2375 90061 2424 145515 2866 287364 2458 317181 2417 498083], [1 5 5 5 2 5 2 5 1 5 2 5 2 5 1 5 1] 
POMCP, DPC_EPT, 1, {"Termination_parameter":1000 "Gamma":0.95 "Epsilon":0.1 "Ucb_c":5 "Rollout_capture":0 "Termination_func_param":0 "POMCP_name":"" "Prior_hybrid":null "Selection_hybrid":null "Rollout_selection":null "Early_playout_termination":null "Opponent_modelling":false "OM_Threshold":0}, {"Termination_parameter":1000 "Gamma":0.95 "Epsilon":0.1 "Ucb_c":5 "Rollout_capture":0 "Termination_func_param":0 "POMCP_name":"DPC_EPT" "Prior_hybrid":null "Selection_hybrid":null "Rollout_selection":null "Early_playout_termination":{"Max_depth":4} "Opponent_modelling":false "OM_Threshold":0}, [{3 8 false} {22 17 false} {8 13 false} {17 12 false} {13 18 false} {24 18 true} {2 7 false} {20 15 false} {4 9 false} {15 10 false} {9 14 false} {18 14 true} {1 6 false} {12 6 true} {0 6 true} {23 18 false} {6 10 true} {21 16 false} {7 12 false} {18 13 false} {12 16 true} {13 8 false} {16 21 false}], [74684 85873 81025 79257 88209 19144 52873 3973 101636 3150 111075 2350 170981 2422 248207 2630 312330 2438 404533 2425 913376 3377 1584325], [1 5 5 5 5 5 8 5 2 5 2 5 2 5 2 5 3 5 2 5 2 5 3] 
POMCP, DPC_EPT, 1, {"Termination_parameter":1000 "Gamma":0.95 "Epsilon":0.1 "Ucb_c":5 "Rollout_capture":0 "Termination_func_param":0 "POMCP_name":"" "Prior_hybrid":null "Selection_hybrid":null "Rollout_selection":null "Early_playout_termination":null "Opponent_modelling":false "OM_Threshold":0}, {"Termination_parameter":1000 "Gamma":0.95 "Epsilon":0.1 "Ucb_c":5 "Rollout_capture":0 "Termination_func_param":0 "POMCP_name":"DPC_EPT" "Prior_hybrid":null "Selection_hybrid":null "Rollout_selection":null "Early_playout_termination":{"Max_depth":12} "Opponent_modelling":false "OM_Threshold":0}, [{3 8 false} {21 16 false} {8 13 false} {20 15 false} {13 18 false} {22 17 false} {18 24 true}], [72814 72829 83512 75827 75786 35798 260274], [1 5 5 5 5 5 5] 
POMCP, DPC_EPT, 1, {"Termination_parameter":1000 "Gamma":0.95 "Epsilon":0.1 "Ucb_c":5 "Rollout_capture":0 "Termination_func_param":0 "POMCP_name":"" "Prior_hybrid":null "Selection_hybrid":null "Rollout_selection":null "Early_playout_termination":null "Opponent_modelling":false "OM_Threshold":0}, {"Termination_parameter":1000 "Gamma":0.95 "Epsilon":0.1 "Ucb_c":5 "Rollout_capture":0 "Termination_func_param":0 "POMCP_name":"DPC_EPT" "Prior_hybrid":null "Selection_hybrid":null "Rollout_selection":null "Early_playout_termination":{"Max_depth":4} "Opponent_modelling":false "OM_Threshold":0}, [{3 8 false} {22 17 false} {8 13 false} {23 18 false} {13 17 true} {24 19 false} {17 22 false}], [75295 88416 69905 77349 194284 18123 581542], [1 5 5 5 1 5 3] 
POMCP, DPC_EPT, 1, {"Termination_parameter":1000 "Gamma":0.95 "Epsilon":0.1 "Ucb_c":5 "Rollout_capture":0 "Termination_func_param":0 "POMCP_name":"" "Prior_hybrid":null "Selection_hybrid":null "Rollout_selection":null "Early_playout_termination":null "Opponent_modelling":false "OM_Threshold":0}, {"Termination_parameter":1000 "Gamma":0.95 "Epsilon":0.1 "Ucb_c":5 "Rollout_capture":0 "Termination_func_param":0 "POMCP_name":"DPC_EPT" "Prior_hybrid":null "Selection_hybrid":null "Rollout_selection":null "Early_playout_termination":{"Max_depth":12} "Opponent_modelling":false "OM_Threshold":0}, [{1 6 false} {21 16 false} {6 11 false} {24 19 false} {2 7 false} {20 15 false} {11 15 true} {16 11 false} {15 20 false}], [70889 77734 78105 71716 77234 35244 188934 2638 533317], [1 5 5 5 2 5 2 5 2] 
POMCP, DPC_EPT, 1, {"Termination_parameter":1000 "Gamma":0.95 "Epsilon":0.1 "Ucb_c":5 "Rollout_capture":0 "Termination_func_param":0 "POMCP_name":"" "Prior_hybrid":null "Selection_hybrid":null "Rollout_selection":null "Early_playout_termination":null "Opponent_modelling":false "OM_Threshold":0}, {"Termination_parameter":1000 "Gamma":0.95 "Epsilon":0.1 "Ucb_c":5 "Rollout_capture":0 "Termination_func_param":0 "POMCP_name":"DPC_EPT" "Prior_hybrid":null "Selection_hybrid":null "Rollout_selection":null "Early_playout_termination":{"Max_depth":4} "Opponent_modelling":false "OM_Threshold":0}, [{3 8 false} {23 18 false} {8 13 false} {21 16 false} {2 7 false} {22 17 false} {13 17 true} {20 15 false} {17 22 false}], [70532 84869 80925 77402 73360 20876 150556 3345 662708], [1 5 5 5 2 5 2 5 2] 
POMCP, DPC_EPT, 1, {"Termination_parameter":1000 "Gamma":0.95 "Epsilon":0.1 "Ucb_c":5 "Rollout_capture":0 "Termination_func_param":0 "POMCP_name":"" "Prior_hybrid":null "Selection_hybrid":null "Rollout_selection":null "Early_playout_termination":null "Opponent_modelling":false "OM_Threshold":0}, {"Termination_parameter":1000 "Gamma":0.95 "Epsilon":0.1 "Ucb_c":5 "Rollout_capture":0 "Termination_func_param":0 "POMCP_name":"DPC_EPT" "Prior_hybrid":null "Selection_hybrid":null "Rollout_selection":null "Early_playout_termination":{"Max_depth":12} "Opponent_modelling":false "OM_Threshold":0}, [{1 6 false} {21 16 false} {6 11 false} {23 18 false} {2 7 false} {24 19 false} {7 12 false} {19 14 false} {12 16 true} {20 15 false} {16 21 false}], [70826 78070 82418 76263 79980 30066 60631 2710 92529 2441 114547], [1 5 5 5 2 5 2 5 1 5 1] 
POMCP, DPC_EPT, 1, {"Termination_parameter":1000 "Gamma":0.95 "Epsilon":0.1 "Ucb_c":5 "Rollout_capture":0 "Termination_func_param":0 "POMCP_name":"" "Prior_hybrid":null "Selection_hybrid":null "Rollout_selection":null "Early_playout_termination":null "Opponent_modelling":false "OM_Threshold":0}, {"Termination_parameter":1000 "Gamma":0.95 "Epsilon":0.1 "Ucb_c":5 "Rollout_capture":0 "Termination_func_param":0 "POMCP_name":"DPC_EPT" "Prior_hybrid":null "Selection_hybrid":null "Rollout_selection":null "Early_playout_termination":{"Max_depth":4} "Opponent_modelling":false "OM_Threshold":0}, [{1 6 false} {24 19 false} {6 11 false} {21 16 false} {2 7 false} {19 14 false} {7 12 false} {16 12 true} {11 16 false} {22 16 true} {3 8 false} {16 11 false} {8 14 true} {20 15 false} {14 19 false} {11 6 false} {19 23 true}], [73161 90048 85304 77156 76194 16117 60216 2505 98966 3806 120515 3154 172738 3470 324186 3160 399684], [1 5 5 5 2 5 2 5 2 5 4 5 6 5 9 5 4] 
POMCP, DPC_EPT, 1, {"Termination_parameter":1000 "Gamma":0.95 "Epsilon":0.1 "Ucb_c":5 "Rollout_capture":0 "Termination_func_param":0 "POMCP_name":"" "Prior_hybrid":null "Selection_hybrid":null "Rollout_selection":null "Early_playout_termination":null "Opponent_modelling":false "OM_Threshold":0}, {"Termination_parameter":1000 "Gamma":0.95 "Epsilon":0.1 "Ucb_c":5 "Rollout_capture":0 "Termination_func_param":0 "POMCP_name":"DPC_EPT" "Prior_hybrid":null "Selection_hybrid":null "Rollout_selection":null "Early_playout_termination":{"Max_depth":12} "Opponent_modelling":false "OM_Threshold":0}, [{1 6 false} {21 16 false} {6 11 false} {23 18 false} {2 7 false} {24 19 false} {0 5 false} {22 17 false} {11 17 true} {18 13 false} {17 22 false}], [71452 81662 73456 72891 78642 29354 59674 3545 85872 3807 606484], [1 5 5 5 2 5 2 5 2 5 1] 
POMCP, DPC_EPT, 1, {"Termination_parameter":1000 "Gamma":0.95 "Epsilon":0.1 "Ucb_c":5 "Rollout_capture":0 "Termination_func_param":0 "POMCP_name":"" "Prior_hybrid":null "Selection_hybrid":null "Rollout_selection":null "Early_playout_termination":null "Opponent_modelling":false "OM_Threshold":0}, {"Termination_parameter":1000 "Gamma":0.95 "Epsilon":0.1 "Ucb_c":5 "Rollout_capture":0 "Termination_func_param":0 "POMCP_name":"DPC_EPT" "Prior_hybrid":null "Selection_hybrid":null "Rollout_selection":null "Early_playout_termination":{"Max_depth":4} "Opponent_modelling":false "OM_Threshold":0}, [{1 6 false} {20 15 false} {6 11 false} {23 18 false} {11 15 true} {18 13 false} {15 20 false}], [72931 86806 81506 79410 166282 18076 530773], [1 5 5 5 2 5 5] 
POMCP, DPC_EPT, 1, {"Termination_parameter":1000 "Gamma":0.95 "Epsilon":0.1 "Ucb_c":5 "Rollout_capture":0 "Termination_func_param":0 "POMCP_name":"" "Prior_hybrid":null "Selection_hybrid":null "Rollout_selection":null "Early_playout_termination":null "Opponent_modelling":false "OM_Threshold":0}, {"Termination_parameter":1000 "Gamma":0.95 "Epsilon":0.1 "Ucb_c":5 "Rollout_capture":0 "Termination_func_param":0 "POMCP_name":"DPC_EPT" "Prior_hybrid":null "Selection_hybrid":null "Rollout_selection":null "Early_playout_termination":{"Max_depth":12} "Opponent_modelling":false "OM_Threshold":0}, [{3 8 false} {24 19 false} {8 13 false} {19 14 false} {13 18 false} {21 16 false} {18 22 true}], [74729 72809 78221 69181 92253 42058 628073], [1 5 5 5 5 5 5] 
POMCP, DPC_EPT, 1, {"Termination_parameter":1000 "Gamma":0.95 "Epsilon":0.1 "Ucb_c":5 "Rollout_capture":0 "Termination_func_param":0 "POMCP_name":"" "Prior_hybrid":null "Selection_hybrid":null "Rollout_selection":null "Early_playout_termination":null "Opponent_modelling":false "OM_Threshold":0}, {"Termination_parameter":1000 "Gamma":0.95 "Epsilon":0.1 "Ucb_c":5 "Rollout_capture":0 "Termination_func_param":0 "POMCP_name":"DPC_EPT" "Prior_hybrid":null "Selection_hybrid":null "Rollout_selection":null "Early_playout_termination":{"Max_depth":4} "Opponent_modelling":false "OM_Threshold":0}, [{3 8 false} {23 18 false} {8 13 false} {21 16 false} {2 7 false} {22 17 false} {13 17 true} {16 11 false} {17 22 false}], [75264 87407 84324 79054 75464 17429 191562 3937 566096], [1 5 5 5 2 5 2 5 1] 
POMCP, DPC_EPT, 1, {"Termination_parameter":1000 "Gamma":0.95 "Epsilon":0.1 "Ucb_c":5 "Rollout_capture":0 "Termination_func_param":0 "POMCP_name":"" "Prior_hybrid":null "Selection_hybrid":null "Rollout_selection":null "Early_playout_termination":null "Opponent_modelling":false "OM_Threshold":0}, {"Termination_parameter":1000 "Gamma":0.95 "Epsilon":0.1 "Ucb_c":5 "Rollout_capture":0 "Termination_func_param":0 "POMCP_name":"DPC_EPT" "Prior_hybrid":null "Selection_hybrid":null "Rollout_selection":null "Early_playout_termination":{"Max_depth":4} "Opponent_modelling":false "OM_Threshold":0}, [{3 8 false} {24 19 false} {8 13 false} {21 16 false} {13 19 true} {16 11 false} {19 24 false}], [72011 77228 82097 76345 177924 29322 593400], [1 5 5 5 2 5 5] 
POMCP, DPC_EPT, -1, {"Termination_parameter":1000 "Gamma":0.95 "Epsilon":0.1 "Ucb_c":5 "Rollout_capture":0 "Termination_func_param":0 "POMCP_name":"" "Prior_hybrid":null "Selection_hybrid":null "Rollout_selection":null "Early_playout_termination":null "Opponent_modelling":false "OM_Threshold":0}, {"Termination_parameter":1000 "Gamma":0.95 "Epsilon":0.1 "Ucb_c":5 "Rollout_capture":0 "Termination_func_param":0 "POMCP_name":"DPC_EPT" "Prior_hybrid":null "Selection_hybrid":null "Rollout_selection":null "Early_playout_termination":{"Max_depth":12} "Opponent_modelling":false "OM_Threshold":0}, [{3 8 false} {22 17 false} {8 13 false} {17 12 false} {13 18 false} {24 18 true} {2 7 false} {18 13 false} {4 9 false} {23 18 false} {9 14 false} {18 14 true} {7 13 true} {14 9 false} {13 18 false} {9 4 false}], [74864 78342 81387 73898 87991 31956 52831 2917 120336 3586 137969 3127 291830 3815 445947 3300], [1 5 5 5 5 5 8 5 1 5 3 5 1 5 3 5] 
POMCP, DPC_EPT, 1, {"Termination_parameter":1000 "Gamma":0.95 "Epsilon":0.1 "Ucb_c":5 "Rollout_capture":0 "Termination_func_param":0 "POMCP_name":"" "Prior_hybrid":null "Selection_hybrid":null "Rollout_selection":null "Early_playout_termination":null "Opponent_modelling":false "OM_Threshold":0}, {"Termination_parameter":1000 "Gamma":0.95 "Epsilon":0.1 "Ucb_c":5 "Rollout_capture":0 "Termination_func_param":0 "POMCP_name":"DPC_EPT" "Prior_hybrid":null "Selection_hybrid":null "Rollout_selection":null "Early_playout_termination":{"Max_depth":4} "Opponent_modelling":false "OM_Threshold":0}, [{3 8 false} {24 19 false} {8 13 false} {19 13 true} {2 7 false} {13 7 true} {1 7 true} {23 18 false} {7 12 false} {20 15 false} {12 18 true} {15 10 false} {18 23 false}], [72363 85793 80314 76574 82208 21331 108683 3181 132601 3788 220885 3824 359773], [1 5 5 5 2 5 2 5 8 5 3 5 2] 
POMCP, DPC_EPT, 1, {"Termination_parameter":1000 "Gamma":0.95 "Epsilon":0.1 "Ucb_c":5 "Rollout_capture":0 "Termination_func_param":0 "POMCP_name":"" "Prior_hybrid":null "Selection_hybrid":null "Rollout_selection":null "Early_playout_termination":null "Opponent_modelling":false "OM_Threshold":0}, {"Termination_parameter":1000 "Gamma":0.95 "Epsilon":0.1 "Ucb_c":5 "Rollout_capture":0 "Termination_func_param":0 "POMCP_name":"DPC_EPT" "Prior_hybrid":null "Selection_hybrid":null "Rollout_selection":null "Early_playout_termination":{"Max_depth":12} "Opponent_modelling":false "OM_Threshold":0}, [{1 6 false} {20 15 false} {6 11 false} {22 17 false} {11 15 true} {21 15 true} {2 7 false} {23 18 false} {3 8 false} {24 19 false} {7 12 false} {19 14 false} {4 9 false} {14 8 true} {12 18 true} {15 10 false} {18 23 false}], [72422 73068 80516 73799 162972 37162 101656 3274 118025 3279 149035 3264 225914 3265 520897 2392 1303281], [1 5 5 5 1 5 1 5 3 5 3 5 1 5 1 5 3] 
POMCP, DPC_EPT, 1, {"Termination_parameter":1000 "Gamma":0.95 "Epsilon":0.1 "Ucb_c":5 "Rollout_capture":0 "Termination_func_param":0 "POMCP_name":"" "Prior_hybrid":null "Selection_hybrid":null "Rollout_selection":null "Early_playout_termination":null "Opponent_modelling":false "OM_Threshold":0}, {"Termination_parameter":1000 "Gamma":0.95 "Epsilon":0.1 "Ucb_c":5 "Rollout_capture":0 "Termination_func_param":0 "POMCP_name":"DPC_EPT" "Prior_hybrid":null "Selection_hybrid":null "Rollout_selection":null "Early_playout_termination":{"Max_depth":4} "Opponent_modelling":false "OM_Threshold":0}, [{1 6 false} {23 18 false} {6 11 false} {22 17 false} {11 17 true} {20 15 false} {17 21 true}], [73958 84362 83246 75268 145727 23340 607968], [1 5 5 5 2 5 3] 
POMCP, DPC_EPT, 1, {"Termination_parameter":1000 "Gamma":0.95 "Epsilon":0.1 "Ucb_c":5 "Rollout_capture":0 "Termination_func_param":0 "POMCP_name":"" "Prior_hybrid":null "Selection_hybrid":null "Rollout_selection":null "Early_playout_termination":null "Opponent_modelling":false "OM_Threshold":0}, {"Termination_parameter":1000 "Gamma":0.95 "Epsilon":0.1 "Ucb_c":5 "Rollout_capture":0 "Termination_func_param":0 "POMCP_name":"DPC_EPT" "Prior_hybrid":null "Selection_hybrid":null "Rollout_selection":null "Early_playout_termination":{"Max_depth":12} "Opponent_modelling":false "OM_Threshold":0}, [{1 6 false} {24 19 false} {6 11 false} {23 18 false} {11 16 false} {20 15 false} {16 22 true}], [75665 74626 81409 73800 89357 35147 614505], [1 5 5 5 5 5 5] 
POMCP, DPC_EPT, 1, {"Termination_parameter":1000 "Gamma":0.95 "Epsilon":0.1 "Ucb_c":5 "Rollout_capture":0 "Termination_func_param":0 "POMCP_name":"" "Prior_hybrid":null "Selection_hybrid":null "Rollout_selection":null "Early_playout_termination":null "Opponent_modelling":false "OM_Threshold":0}, {"Termination_parameter":1000 "Gamma":0.95 "Epsilon":0.1 "Ucb_c":5 "Rollout_capture":0 "Termination_func_param":0 "POMCP_name":"DPC_EPT" "Prior_hybrid":null "Selection_hybrid":null "Rollout_selection":null "Early_playout_termination":{"Max_depth":4} "Opponent_modelling":false "OM_Threshold":0}, [{1 6 false} {23 18 false} {6 11 false} {20 15 false} {11 15 true} {24 19 false} {15 21 true}], [76058 78801 80075 76311 178821 28016 577267], [1 5 5 5 2 5 5] 
POMCP, DPC_EPT, 1, {"Termination_parameter":1000 "Gamma":0.95 "Epsilon":0.1 "Ucb_c":5 "Rollout_capture":0 "Termination_func_param":0 "POMCP_name":"" "Prior_hybrid":null "Selection_hybrid":null "Rollout_selection":null "Early_playout_termination":null "Opponent_modelling":false "OM_Threshold":0}, {"Termination_parameter":1000 "Gamma":0.95 "Epsilon":0.1 "Ucb_c":5 "Rollout_capture":0 "Termination_func_param":0 "POMCP_name":"DPC_EPT" "Prior_hybrid":null "Selection_hybrid":null "Rollout_selection":null "Early_playout_termination":{"Max_depth":12} "Opponent_modelling":false "OM_Threshold":0}, [{1 6 false} {20 15 false} {6 11 false} {21 16 false} {11 15 true} {22 17 false} {15 20 false}], [73116 73359 82846 74938 315460 35436 637503], [1 5 5 5 1 5 4] 
POMCP, DPC_EPT, 1, {"Termination_parameter":1000 "Gamma":0.95 "Epsilon":0.1 "Ucb_c":5 "Rollout_capture":0 "Termination_func_param":0 "POMCP_name":"" "Prior_hybrid":null "Selection_hybrid":null "Rollout_selection":null "Early_playout_termination":null "Opponent_modelling":false "OM_Threshold":0}, {"Termination_parameter":1000 "Gamma":0.95 "Epsilon":0.1 "Ucb_c":5 "Rollout_capture":0 "Termination_func_param":0 "POMCP_name":"DPC_EPT" "Prior_hybrid":null "Selection_hybrid":null "Rollout_selection":null "Early_playout_termination":{"Max_depth":4} "Opponent_modelling":false "OM_Threshold":0}, [{1 6 false} {22 17 false} {6 11 false} {17 11 true} {2 7 false} {23 18 false} {7 11 true} {18 13 false} {4 9 false} {21 16 false} {9 13 true} {24 19 false} {13 19 true} {20 15 false} {19 24 false}], [73093 78130 82067 78448 84858 26649 65935 3774 113422 3444 156004 3507 185178 3459 348387], [1 5 5 5 2 5 8 5 8 5 2 5 2 5 1] 
POMCP, DPC_EPT, 1, {"Termination_parameter":1000 "Gamma":0.95 "Epsilon":0.1 "Ucb_c":5 "Rollout_capture":0 "Termination_func_param":0 "POMCP_name":"" "Prior_hybrid":null "Selection_hybrid":null "Rollout_selection":null "Early_playout_termination":null "Opponent_modelling":false "OM_Threshold":0}, {"Termination_parameter":1000 "Gamma":0.95 "Epsilon":0.1 "Ucb_c":5 "Rollout_capture":0 "Termination_func_param":0 "POMCP_name":"DPC_EPT" "Prior_hybrid":null "Selection_hybrid":null "Rollout_selection":null "Early_playout_termination":{"Max_depth":4} "Opponent_modelling":false "OM_Threshold":0}, [{3 8 false} {23 18 false} {8 13 false} {22 17 false} {13 17 true} {18 13 false} {17 22 false}], [69413 85279 83599 75063 177245 22943 609851], [1 5 5 5 1 5 3] 
POMCP, DPC_EPT, 0, {"Termination_parameter":1000 "Gamma":0.95 "Epsilon":0.1 "Ucb_c":5 "Rollout_capture":0 "Termination_func_param":0 "POMCP_name":"" "Prior_hybrid":null "Selection_hybrid":null "Rollout_selection":null "Early_playout_termination":null "Opponent_modelling":false "OM_Threshold":0}, {"Termination_parameter":1000 "Gamma":0.95 "Epsilon":0.1 "Ucb_c":5 "Rollout_capture":0 "Termination_func_param":0 "POMCP_name":"DPC_EPT" "Prior_hybrid":null "Selection_hybrid":null "Rollout_selection":null "Early_playout_termination":{"Max_depth":12} "Opponent_modelling":false "OM_Threshold":0}, [{1 6 false} {20 15 false} {6 11 false} {15 10 false} {11 16 false} {22 17 false} {3 8 false} {24 19 false} {2 7 false} {17 12 false} {4 9 false} {19 14 false} {8 12 true} {10 5 false} {12 17 false} {23 17 true} {7 12 false}], [72428 81875 80295 75219 84736 27246 95629 3200 115517 3253 196493 3553 256241 2979 386347 3590 1208131], [1 5 5 5 5 5 2 5 2 5 2 5 1 5 1 5 1] 
POMCP, DPC_EPT, 1, {"Termination_parameter":1000 "Gamma":0.95 "Epsilon":0.1 "Ucb_c":5 "Rollout_capture":0 "Termination_func_param":0 "POMCP_name":"" "Prior_hybrid":null "Selection_hybrid":null "Rollout_selection":null "Early_playout_termination":null "Opponent_modelling":false "OM_Threshold":0}, {"Termination_parameter":1000 "Gamma":0.95 "Epsilon":0.1 "Ucb_c":5 "Rollout_capture":0 "Termination_func_param":0 "POMCP_name":"DPC_EPT" "Prior_hybrid":null "Selection_hybrid":null "Rollout_selection":null "Early_playout_termination":{"Max_depth":4} "Opponent_modelling":false "OM_Threshold":0}, [{3 8 false} {21 16 false} {8 13 false} {20 15 false} {13 18 false} {22 17 false} {18 24 true}], [73271 84697 83569 70718 87136 28336 266041], [1 5 5 5 5 5 5] 
POMCP, DPC_EPT, 1, {"Termination_parameter":1000 "Gamma":0.95 "Epsilon":0.1 "Ucb_c":5 "Rollout_capture":0 "Termination_func_param":0 "POMCP_name":"" "Prior_hybrid":null "Selection_hybrid":null "Rollout_selection":null "Early_playout_termination":null "Opponent_modelling":false "OM_Threshold":0}, {"Termination_parameter":1000 "Gamma":0.95 "Epsilon":0.1 "Ucb_c":5 "Rollout_capture":0 "Termination_func_param":0 "POMCP_name":"DPC_EPT" "Prior_hybrid":null "Selection_hybrid":null "Rollout_selection":null "Early_playout_termination":{"Max_depth":4} "Opponent_modelling":false "OM_Threshold":0}, [{1 6 false} {24 19 false} {6 11 false} {20 15 false} {11 15 true} {21 16 false} {15 20 false}], [72465 88662 80408 72798 177082 22392 658657], [1 5 5 5 2 5 2] 
POMCP, DPC_EPT, 1, {"Termination_parameter":1000 "Gamma":0.95 "Epsilon":0.1 "Ucb_c":5 "Rollout_capture":0 "Termination_func_param":0 "POMCP_name":"" "Prior_hybrid":null "Selection_hybrid":null "Rollout_selection":null "Early_playout_termination":null "Opponent_modelling":false "OM_Threshold":0}, {"Termination_parameter":1000 "Gamma":0.95 "Epsilon":0.1 "Ucb_c":5 "Rollout_capture":0 "Termination_func_param":0 "POMCP_name":"DPC_EPT" "Prior_hybrid":null "Selection_hybrid":null "Rollout_selection":null "Early_playout_termination":{"Max_depth":12} "Opponent_modelling":false "OM_Threshold":0}, [{1 6 false} {22 17 false} {6 11 false} {21 16 false} {11 17 true} {23 17 true} {3 8 false} {16 11 false} {8 13 false} {17 12 false} {13 18 false} {12 7 false} {18 24 true}], [75417 74919 81237 72339 197833 36696 98537 3802 113615 3166 143365 3010 270281], [1 5 5 5 1 5 1 5 3 5 2 5 2] 
POMCP, DPC_EPT, 1, {"Termination_parameter":1000 "Gamma":0.95 "Epsilon":0.1 "Ucb_c":5 "Rollout_capture":0 "Termination_func_param":0 "POMCP_name":"" "Prior_hybrid":null "Selection_hybrid":null "Rollout_selection":null "Early_playout_termination":null "Opponent_modelling":false "OM_Threshold":0}, {"Termination_parameter":1000 "Gamma":0.95 "Epsilon":0.1 "Ucb_c":5 "Rollout_capture":0 "Termination_func_param":0 "POMCP_name":"DPC_EPT" "Prior_hybrid":null "Selection_hybrid":null "Rollout_selection":null "Early_playout_termination":{"Max_depth":4} "Opponent_modelling":false "OM_Threshold":0}, [{1 6 false} {20 15 false} {6 11 false} {24 19 false} {11 15 true} {23 18 false} {15 21 true}], [69014 85458 80467 77385 177464 21384 560335], [1 5 5 5 2 5 5] 
POMCP, DPC_EPT, 1, {"Termination_parameter":1000 "Gamma":0.95 "Epsilon":0.1 "Ucb_c":5 "Rollout_capture":0 "Termination_func_param":0 "POMCP_name":"" "Prior_hybrid":null "Selection_hybrid":null "Rollout_selection":null "Early_playout_termination":null "Opponent_modelling":false "OM_Threshold":0}, {"Termination_parameter":1000 "Gamma":0.95 "Epsilon":0.1 "Ucb_c":5 "Rollout_capture":0 "Termination_func_param":0 "POMCP_name":"DPC_EPT" "Prior_hybrid":null "Selection_hybrid":null "Rollout_selection":null "Early_playout_termination":{"Max_depth":12} "Opponent_modelling":false "OM_Threshold":0}, [{1 6 false} {23 18 false} {6 11 false} {21 16 false} {2 7 false} {24 19 false} {3 8 false} {19 14 false} {8 13 false} {22 17 false} {11 17 true} {14 9 false} {17 22 false}], [72236 78682 82761 74202 78247 31435 60391 3169 93776 3662 126333 2383 795840], [1 5 5 5 2 5 2 5 1 5 1 5 1] 
POMCP, DPC_EPT, 1, {"Termination_parameter":1000 "Gamma":0.95 "Epsilon":0.1 "Ucb_c":5 "Rollout_capture":0 "Termination_func_param":0 "POMCP_name":"" "Prior_hybrid":null "Selection_hybrid":null "Rollout_selection":null "Early_playout_termination":null "Opponent_modelling":false "OM_Threshold":0}, {"Termination_parameter":1000 "Gamma":0.95 "Epsilon":0.1 "Ucb_c":5 "Rollout_capture":0 "Termination_func_param":0 "POMCP_name":"DPC_EPT" "Prior_hybrid":null "Selection_hybrid":null "Rollout_selection":null "Early_playout_termination":{"Max_depth":4} "Opponent_modelling":false "OM_Threshold":0}, [{1 6 false} {22 17 false} {6 11 false} {23 18 false} {11 17 true} {24 19 false} {17 22 false}], [74158 84142 83552 72467 148558 26095 594216], [1 5 5 5 2 5 3] 
POMCP, DPC_EPT, 1, {"Termination_parameter":1000 "Gamma":0.95 "Epsilon":0.1 "Ucb_c":5 "Rollout_capture":0 "Termination_func_param":0 "POMCP_name":"" "Prior_hybrid":null "Selection_hybrid":null "Rollout_selection":null "Early_playout_termination":null "Opponent_modelling":false "OM_Threshold":0}, {"Termination_parameter":1000 "Gamma":0.95 "Epsilon":0.1 "Ucb_c":5 "Rollout_capture":0 "Termination_func_param":0 "POMCP_name":"DPC_EPT" "Prior_hybrid":null "Selection_hybrid":null "Rollout_selection":null "Early_playout_termination":{"Max_depth":12} "Opponent_modelling":false "OM_Threshold":0}, [{3 8 false} {23 18 false} {8 13 false} {21 16 false} {2 7 false} {20 15 false} {7 12 false} {24 19 false} {13 19 true} {18 13 false} {19 24 false}], [72636 79736 83774 75788 77300 28343 58229 2352 80296 2423 128745], [1 5 5 5 2 5 2 5 1 5 1] 
POMCP, DPC_EPT, 1, {"Termination_parameter":1000 "Gamma":0.95 "Epsilon":0.1 "Ucb_c":5 "Rollout_capture":0 "Termination_func_param":0 "POMCP_name":"" "Prior_hybrid":null "Selection_hybrid":null "Rollout_selection":null "Early_playout_termination":null "Opponent_modelling":false "OM_Threshold":0}, {"Termination_parameter":1000 "Gamma":0.95 "Epsilon":0.1 "Ucb_c":5 "Rollout_capture":0 "Termination_func_param":0 "POMCP_name":"DPC_EPT" "Prior_hybrid":null "Selection_hybrid":null "Rollout_selection":null "Early_playout_termination":{"Max_depth":4} "Opponent_modelling":false "OM_Threshold":0}, [{3 8 false} {20 15 false} {8 13 false} {22 17 false} {13 17 true} {23 17 true} {1 6 false} {21 16 false} {6 11 false} {24 19 false} {11 15 true} {19 14 false} {15 20 false}], [72887 86831 84171 78912 147384 17505 81480 2343 100481 2325 151697 3443 419372], [1 5 5 5 2 5 3 5 5 5 1 5 3] 
POMCP, DPC_EPT, 1, {"Termination_parameter":1000 "Gamma":0.95 "Epsilon":0.1 "Ucb_c":5 "Rollout_capture":0 "Termination_func_param":0 "POMCP_name":"" "Prior_hybrid":null "Selection_hybrid":null "Rollout_selection":null "Early_playout_termination":null "Opponent_modelling":false "OM_Threshold":0}, {"Termination_parameter":1000 "Gamma":0.95 "Epsilon":0.1 "Ucb_c":5 "Rollout_capture":0 "Termination_func_param":0 "POMCP_name":"DPC_EPT" "Prior_hybrid":null "Selection_hybrid":null "Rollout_selection":null "Early_playout_termination":{"Max_depth":12} "Opponent_modelling":false "OM_Threshold":0}, [{3 8 false} {20 15 false} {8 13 false} {21 16 false} {13 18 false} {15 10 false} {18 22 true}], [65670 78036 80160 75054 93814 31036 69090], [1 5 5 5 5 5 2] 
POMCP, DPC_EPT, 1, {"Termination_parameter":1000 "Gamma":0.95 "Epsilon":0.1 "Ucb_c":5 "Rollout_capture":0 "Termination_func_param":0 "POMCP_name":"" "Prior_hybrid":null "Selection_hybrid":null "Rollout_selection":null "Early_playout_termination":null "Opponent_modelling":false "OM_Threshold":0}, {"Termination_parameter":1000 "Gamma":0.95 "Epsilon":0.1 "Ucb_c":5 "Rollout_capture":0 "Termination_func_param":0 "POMCP_name":"DPC_EPT" "Prior_hybrid":null "Selection_hybrid":null "Rollout_selection":null "Early_playout_termination":{"Max_depth":4} "Opponent_modelling":false "OM_Threshold":0}, [{1 6 false} {22 17 false} {6 11 false} {23 18 false} {11 17 true} {20 15 false} {17 21 true}], [73979 86144 82808 75863 150836 22062 584111], [1 5 5 5 2 5 3] 
POMCP, DPC_EPT, 1, {"Termination_parameter":1000 "Gamma":0.95 "Epsilon":0.1 "Ucb_c":5 "Rollout_capture":0 "Termination_func_param":0 "POMCP_name":"" "Prior_hybrid":null "Selection_hybrid":null "Rollout_selection":null "Early_playout_termination":null "Opponent_modelling":false "OM_Threshold":0}, {"Termination_parameter":1000 "Gamma":0.95 "Epsilon":0.1 "Ucb_c":5 "Rollout_capture":0 "Termination_func_param":0 "POMCP_name":"DPC_EPT" "Prior_hybrid":null "Selection_hybrid":null "Rollout_selection":null "Early_playout_termination":{"Max_depth":12} "Opponent_modelling":false "OM_Threshold":0}, [{1 6 false} {23 18 false} {6 11 false} {24 19 false} {11 16 false} {22 17 false} {16 20 true}], [71578 76709 73513 72616 90775 34731 241032], [1 5 5 5 5 5 5] 
POMCP, DPC_EPT, 1, {"Termination_parameter":1000 "Gamma":0.95 "Epsilon":0.1 "Ucb_c":5 "Rollout_capture":0 "Termination_func_param":0 "POMCP_name":"" "Prior_hybrid":null "Selection_hybrid":null "Rollout_selection":null "Early_playout_termination":null "Opponent_modelling":false "OM_Threshold":0}, {"Termination_parameter":1000 "Gamma":0.95 "Epsilon":0.1 "Ucb_c":5 "Rollout_capture":0 "Termination_func_param":0 "POMCP_name":"DPC_EPT" "Prior_hybrid":null "Selection_hybrid":null "Rollout_selection":null "Early_playout_termination":{"Max_depth":4} "Opponent_modelling":false "OM_Threshold":0}, [{3 8 false} {23 18 false} {8 13 false} {21 16 false} {2 7 false} {24 19 false} {13 19 true} {16 11 false} {19 24 false}], [62104 85282 81986 76093 75508 22899 200350 3877 602218], [1 5 5 5 2 5 2 5 1] 
POMCP, DPC_EPT, 1, {"Termination_parameter":1000 "Gamma":0.95 "Epsilon":0.1 "Ucb_c":5 "Rollout_capture":0 "Termination_func_param":0 "POMCP_name":"" "Prior_hybrid":null "Selection_hybrid":null "Rollout_selection":null "Early_playout_termination":null "Opponent_modelling":false "OM_Threshold":0}, {"Termination_parameter":1000 "Gamma":0.95 "Epsilon":0.1 "Ucb_c":5 "Rollout_capture":0 "Termination_func_param":0 "POMCP_name":"DPC_EPT" "Prior_hybrid":null "Selection_hybrid":null "Rollout_selection":null "Early_playout_termination":{"Max_depth":12} "Opponent_modelling":false "OM_Threshold":0}, [{3 8 false} {21 16 false} {8 13 false} {16 11 false} {13 18 false} {22 17 false} {18 24 true}], [72469 80346 80826 75209 91324 28782 249111], [1 5 5 5 5 5 5] 
POMCP, DPC_EPT, 1, {"Termination_parameter":1000 "Gamma":0.95 "Epsilon":0.1 "Ucb_c":5 "Rollout_capture":0 "Termination_func_param":0 "POMCP_name":"" "Prior_hybrid":null "Selection_hybrid":null "Rollout_selection":null "Early_playout_termination":null "Opponent_modelling":false "OM_Threshold":0}, {"Termination_parameter":1000 "Gamma":0.95 "Epsilon":0.1 "Ucb_c":5 "Rollout_capture":0 "Termination_func_param":0 "POMCP_name":"DPC_EPT" "Prior_hybrid":null "Selection_hybrid":null "Rollout_selection":null "Early_playout_termination":{"Max_depth":4} "Opponent_modelling":false "OM_Threshold":0}, [{3 8 false} {22 17 false} {8 13 false} {24 19 false} {13 19 true} {17 12 false} {19 24 false}], [74630 86294 77471 78618 183584 19176 605256], [1 5 5 5 1 5 3] 
POMCP, DPC_EPT, 1, {"Termination_parameter":1000 "Gamma":0.95 "Epsilon":0.1 "Ucb_c":5 "Rollout_capture":0 "Termination_func_param":0 "POMCP_name":"" "Prior_hybrid":null "Selection_hybrid":null "Rollout_selection":null "Early_playout_termination":null "Opponent_modelling":false "OM_Threshold":0}, {"Termination_parameter":1000 "Gamma":0.95 "Epsilon":0.1 "Ucb_c":5 "Rollout_capture":0 "Termination_func_param":0 "POMCP_name":"DPC_EPT" "Prior_hybrid":null "Selection_hybrid":null "Rollout_selection":null "Early_playout_termination":{"Max_depth":12} "Opponent_modelling":false "OM_Threshold":0}, [{3 8 false} {24 19 false} {8 13 false} {20 15 false} {13 19 true} {22 17 false} {19 23 true}], [75204 81134 77590 73076 162396 30241 602084], [1 5 5 5 2 5 5] 
POMCP, DPC_EPT, 1, {"Termination_parameter":1000 "Gamma":0.95 "Epsilon":0.1 "Ucb_c":5 "Rollout_capture":0 "Termination_func_param":0 "POMCP_name":"" "Prior_hybrid":null "Selection_hybrid":null "Rollout_selection":null "Early_playout_termination":null "Opponent_modelling":false "OM_Threshold":0}, {"Termination_parameter":1000 "Gamma":0.95 "Epsilon":0.1 "Ucb_c":5 "Rollout_capture":0 "Termination_func_param":0 "POMCP_name":"DPC_EPT" "Prior_hybrid":null "Selection_hybrid":null "Rollout_selection":null "Early_playout_termination":{"Max_depth":12} "Opponent_modelling":false "OM_Threshold":0}, [{3 8 false} {24 19 false} {8 13 false} {23 18 false} {13 19 true} {22 17 false} {19 24 false}], [73261 81813 78911 69272 323710 33255 580688], [1 5 5 5 1 5 4] 
POMCP, DPC_EPT, 1, {"Termination_parameter":1000 "Gamma":0.95 "Epsilon":0.1 "Ucb_c":5 "Rollout_capture":0 "Termination_func_param":0 "POMCP_name":"" "Prior_hybrid":null "Selection_hybrid":null "Rollout_selection":null "Early_playout_termination":null "Opponent_modelling":false "OM_Threshold":0}, {"Termination_parameter":1000 "Gamma":0.95 "Epsilon":0.1 "Ucb_c":5 "Rollout_capture":0 "Termination_func_param":0 "POMCP_name":"DPC_EPT" "Prior_hybrid":null "Selection_hybrid":null "Rollout_selection":null "Early_playout_termination":{"Max_depth":4} "Opponent_modelling":false "OM_Threshold":0}, [{1 6 false} {24 19 false} {6 11 false} {21 16 false} {2 7 false} {22 17 false} {11 17 true} {23 17 true} {7 12 false} {20 15 false} {12 16 true} {15 10 false} {16 21 false}], [67930 85424 83065 76932 81299 21410 169937 3428 136253 3459 195218 3994 424062], [1 5 5 5 2 5 2 5 1 5 2 5 3] 
POMCP, DPC_EPT, 1, {"Termination_parameter":1000 "Gamma":0.95 "Epsilon":0.1 "Ucb_c":5 "Rollout_capture":0 "Termination_func_param":0 "POMCP_name":"" "Prior_hybrid":null "Selection_hybrid":null "Rollout_selection":null "Early_playout_termination":null "Opponent_modelling":false "OM_Threshold":0}, {"Termination_parameter":1000 "Gamma":0.95 "Epsilon":0.1 "Ucb_c":5 "Rollout_capture":0 "Termination_func_param":0 "POMCP_name":"DPC_EPT" "Prior_hybrid":null "Selection_hybrid":null "Rollout_selection":null "Early_playout_termination":{"Max_depth":4} "Opponent_modelling":false "OM_Threshold":0}, [{3 8 false} {23 18 false} {8 13 false} {22 17 false} {13 17 true} {18 13 false} {17 21 true}], [73024 86657 80497 77880 189938 19503 616459], [1 5 5 5 1 5 3] 
POMCP, DPC_EPT, 1, {"Termination_parameter":1000 "Gamma":0.95 "Epsilon":0.1 "Ucb_c":5 "Rollout_capture":0 "Termination_func_param":0 "POMCP_name":"" "Prior_hybrid":null "Selection_hybrid":null "Rollout_selection":null "Early_playout_termination":null "Opponent_modelling":false "OM_Threshold":0}, {"Termination_parameter":1000 "Gamma":0.95 "Epsilon":0.1 "Ucb_c":5 "Rollout_capture":0 "Termination_func_param":0 "POMCP_name":"DPC_EPT" "Prior_hybrid":null "Selection_hybrid":null "Rollout_selection":null "Early_playout_termination":{"Max_depth":12} "Opponent_modelling":false "OM_Threshold":0}, [{2 7 false} {24 19 false} {1 6 false} {19 14 false} {6 11 false} {14 9 false} {3 8 false} {23 18 false} {8 13 false} {22 17 false} {11 17 true} {20 15 false} {17 21 true}], [75290 80755 79456 73297 71603 30170 107122 3577 99917 3175 135502 3123 225582], [1 5 5 5 11 5 1 5 1 5 1 5 1] 
POMCP, DPC_EPT, 1, {"Termination_parameter":1000 "Gamma":0.95 "Epsilon":0.1 "Ucb_c":5 "Rollout_capture":0 "Termination_func_param":0 "POMCP_name":"" "Prior_hybrid":null "Selection_hybrid":null "Rollout_selection":null "Early_playout_termination":null "Opponent_modelling":false "OM_Threshold":0}, {"Termination_parameter":1000 "Gamma":0.95 "Epsilon":0.1 "Ucb_c":5 "Rollout_capture":0 "Termination_func_param":0 "POMCP_name":"DPC_EPT" "Prior_hybrid":null "Selection_hybrid":null "Rollout_selection":null "Early_playout_termination":{"Max_depth":12} "Opponent_modelling":false "OM_Threshold":0}, [{3 8 false} {22 17 false} {8 13 false} {20 15 false} {13 17 true} {15 10 false} {17 21 true}], [74701 74973 80706 73867 147243 35393 527551], [1 5 5 5 2 5 2] 
POMCP, DPC_EPT, 1, {"Termination_parameter":1000 "Gamma":0.95 "Epsilon":0.1 "Ucb_c":5 "Rollout_capture":0 "Termination_func_param":0 "POMCP_name":"" "Prior_hybrid":null "Selection_hybrid":null "Rollout_selection":null "Early_playout_termination":null "Opponent_modelling":false "OM_Threshold":0}, {"Termination_parameter":1000 "Gamma":0.95 "Epsilon":0.1 "Ucb_c":5 "Rollout_capture":0 "Termination_func_param":0 "POMCP_name":"DPC_EPT" "Prior_hybrid":null "Selection_hybrid":null "Rollout_selection":null "Early_playout_termination":{"Max_depth":4} "Opponent_modelling":false "OM_Threshold":0}, [{3 8 false} {22 17 false} {8 13 false} {17 13 true} {2 7 false} {13 7 true} {1 7 true} {21 16 false} {7 12 false} {24 19 false} {12 16 true} {23 18 false} {16 20 true}], [73004 84278 82249 78912 81819 20668 107497 3618 133961 3727 276849 3735 348516], [1 5 5 5 2 5 2 5 8 5 3 5 2] 
POMCP, DPC_EPT, 1, {"Termination_parameter":1000 "Gamma":0.95 "Epsilon":0.1 "Ucb_c":5 "Rollout_capture":0 "Termination_func_param":0 "POMCP_name":"" "Prior_hybrid":null "Selection_hybrid":null "Rollout_selection":null "Early_playout_termination":null "Opponent_modelling":false "OM_Threshold":0}, {"Termination_parameter":1000 "Gamma":0.95 "Epsilon":0.1 "Ucb_c":5 "Rollout_capture":0 "Termination_func_param":0 "POMCP_name":"DPC_EPT" "Prior_hybrid":null "Selection_hybrid":null "Rollout_selection":null "Early_playout_termination":{"Max_depth":12} "Opponent_modelling":false "OM_Threshold":0}, [{1 6 false} {24 19 false} {6 11 false} {19 14 false} {11 16 false} {22 17 false} {16 20 true}], [68623 77675 83549 72844 82998 33859 268315], [1 5 5 5 5 5 5] 
POMCP, DPC_EPT, 1, {"Termination_parameter":1000 "Gamma":0.95 "Epsilon":0.1 "Ucb_c":5 "Rollout_capture":0 "Termination_func_param":0 "POMCP_name":"" "Prior_hybrid":null "Selection_hybrid":null "Rollout_selection":null "Early_playout_termination":null "Opponent_modelling":false "OM_Threshold":0}, {"Termination_parameter":1000 "Gamma":0.95 "Epsilon":0.1 "Ucb_c":5 "Rollout_capture":0 "Termination_func_param":0 "POMCP_name":"DPC_EPT" "Prior_hybrid":null "Selection_hybrid":null "Rollout_selection":null "Early_playout_termination":{"Max_depth":4} "Opponent_modelling":false "OM_Threshold":0}, [{1 6 false} {21 16 false} {6 11 false} {20 15 false} {11 15 true} {23 18 false} {15 20 false}], [72839 81716 82870 79728 324978 22694 641327], [1 5 5 5 1 5 4] 
POMCP, DPC_EPT, 1, {"Termination_parameter":1000 "Gamma":0.95 "Epsilon":0.1 "Ucb_c":5 "Rollout_capture":0 "Termination_func_param":0 "POMCP_name":"" "Prior_hybrid":null "Selection_hybrid":null "Rollout_selection":null "Early_playout_termination":null "Opponent_modelling":false "OM_Threshold":0}, {"Termination_parameter":1000 "Gamma":0.95 "Epsilon":0.1 "Ucb_c":5 "Rollout_capture":0 "Termination_func_param":0 "POMCP_name":"DPC_EPT" "Prior_hybrid":null "Selection_hybrid":null "Rollout_selection":null "Early_playout_termination":{"Max_depth":12} "Opponent_modelling":false "OM_Threshold":0}, [{3 8 false} {24 19 false} {8 13 false} {19 14 false} {13 18 false} {20 15 false} {18 22 true}], [74518 79068 81817 75227 81622 30259 603088], [1 5 5 5 5 5 5] 
POMCP, DPC_EPT, 1, {"Termination_parameter":1000 "Gamma":0.95 "Epsilon":0.1 "Ucb_c":5 "Rollout_capture":0 "Termination_func_param":0 "POMCP_name":"" "Prior_hybrid":null "Selection_hybrid":null "Rollout_selection":null "Early_playout_termination":null "Opponent_modelling":false "OM_Threshold":0}, {"Termination_parameter":1000 "Gamma":0.95 "Epsilon":0.1 "Ucb_c":5 "Rollout_capture":0 "Termination_func_param":0 "POMCP_name":"DPC_EPT" "Prior_hybrid":null "Selection_hybrid":null "Rollout_selection":null "Early_playout_termination":{"Max_depth":4} "Opponent_modelling":false "OM_Threshold":0}, [{3 8 false} {22 17 false} {8 13 false} {23 18 false} {13 17 true} {24 19 false} {17 22 false}], [74881 83861 83288 76426 196223 23153 591840], [1 5 5 5 1 5 3] 
POMCP, DPC_EPT, 1, {"Termination_parameter":1000 "Gamma":0.95 "Epsilon":0.1 "Ucb_c":5 "Rollout_capture":0 "Termination_func_param":0 "POMCP_name":"" "Prior_hybrid":null "Selection_hybrid":null "Rollout_selection":null "Early_playout_termination":null "Opponent_modelling":false "OM_Threshold":0}, {"Termination_parameter":1000 "Gamma":0.95 "Epsilon":0.1 "Ucb_c":5 "Rollout_capture":0 "Termination_func_param":0 "POMCP_name":"DPC_EPT" "Prior_hybrid":null "Selection_hybrid":null "Rollout_selection":null "Early_playout_termination":{"Max_depth":4} "Opponent_modelling":false "OM_Threshold":0}, [{3 8 false} {22 17 false} {8 13 false} {24 19 false} {13 19 true} {17 12 false} {19 23 true}], [72822 86927 82793 80619 165749 16486 617560], [1 5 5 5 1 5 3] 
POMCP, DPC_EPT, 1, {"Termination_parameter":1000 "Gamma":0.95 "Epsilon":0.1 "Ucb_c":5 "Rollout_capture":0 "Termination_func_param":0 "POMCP_name":"" "Prior_hybrid":null "Selection_hybrid":null "Rollout_selection":null "Early_playout_termination":null "Opponent_modelling":false "OM_Threshold":0}, {"Termination_parameter":1000 "Gamma":0.95 "Epsilon":0.1 "Ucb_c":5 "Rollout_capture":0 "Termination_func_param":0 "POMCP_name":"DPC_EPT" "Prior_hybrid":null "Selection_hybrid":null "Rollout_selection":null "Early_playout_termination":{"Max_depth":12} "Opponent_modelling":false "OM_Threshold":0}, [{3 8 false} {21 16 false} {8 13 false} {24 19 false} {13 19 true} {23 19 true} {2 7 false} {20 15 false} {1 6 false} {15 10 false} {6 10 true} {16 11 false} {7 11 true} {22 17 false} {10 15 false} {19 14 false} {15 20 false}], [73219 72604 79690 73324 179131 38264 98161 3365 108971 3354 155051 3393 192680 3386 266796 2616 394335], [1 5 5 5 2 5 2 5 6 5 3 5 1 5 1 5 1] 
POMCP, DPC_EPT, 1, {"Termination_parameter":1000 "Gamma":0.95 "Epsilon":0.1 "Ucb_c":5 "Rollout_capture":0 "Termination_func_param":0 "POMCP_name":"" "Prior_hybrid":null "Selection_hybrid":null "Rollout_selection":null "Early_playout_termination":null "Opponent_modelling":false "OM_Threshold":0}, {"Termination_parameter":1000 "Gamma":0.95 "Epsilon":0.1 "Ucb_c":5 "Rollout_capture":0 "Termination_func_param":0 "POMCP_name":"DPC_EPT" "Prior_hybrid":null "Selection_hybrid":null "Rollout_selection":null "Early_playout_termination":{"Max_depth":4} "Opponent_modelling":false "OM_Threshold":0}, [{3 8 false} {20 15 false} {8 13 false} {15 10 false} {13 18 false} {24 18 true} {2 7 false} {21 16 false} {1 6 false} {16 11 false} {7 11 true} {22 17 false} {11 16 false} {10 5 false} {16 21 false}], [73913 85280 83019 76003 86292 21727 53333 3517 82288 3754 132089 3285 148414 3415 233223], [1 5 5 5 5 5 8 5 8 5 2 5 1 5 1] 
POMCP, DPC_EPT, 1, {"Termination_parameter":1000 "Gamma":0.95 "Epsilon":0.1 "Ucb_c":5 "Rollout_capture":0 "Termination_func_param":0 "POMCP_name":"" "Prior_hybrid":null "Selection_hybrid":null "Rollout_selection":null "Early_playout_termination":null "Opponent_modelling":false "OM_Threshold":0}, {"Termination_parameter":1000 "Gamma":0.95 "Epsilon":0.1 "Ucb_c":5 "Rollout_capture":0 "Termination_func_param":0 "POMCP_name":"DPC_EPT" "Prior_hybrid":null "Selection_hybrid":null "Rollout_selection":null "Early_playout_termination":{"Max_depth":12} "Opponent_modelling":false "OM_Threshold":0}, [{1 6 false} {20 15 false} {6 11 false} {15 10 false} {11 16 false} {22 17 false} {3 8 false} {24 19 false} {8 13 false} {10 5 false} {13 17 true} {23 18 false} {17 21 true}], [71733 82013 77938 70467 85435 31995 95403 3336 121782 3377 174010 3384 173771], [1 5 5 5 5 5 2 5 2 5 1 5 1] 
POMCP, DPC_EPT, 1, {"Termination_parameter":1000 "Gamma":0.95 "Epsilon":0.1 "Ucb_c":5 "Rollout_capture":0 "Termination_func_param":0 "POMCP_name":"" "Prior_hybrid":null "Selection_hybrid":null "Rollout_selection":null "Early_playout_termination":null "Opponent_modelling":false "OM_Threshold":0}, {"Termination_parameter":1000 "Gamma":0.95 "Epsilon":0.1 "Ucb_c":5 "Rollout_capture":0 "Termination_func_param":0 "POMCP_name":"DPC_EPT" "Prior_hybrid":null "Selection_hybrid":null "Rollout_selection":null "Early_playout_termination":{"Max_depth":12} "Opponent_modelling":false "OM_Threshold":0}, [{3 8 false} {23 18 false} {8 13 false} {24 19 false} {13 19 true} {18 13 false} {19 24 false}], [71781 81149 79198 75637 283361 28071 673119], [1 5 5 5 1 5 4] 
POMCP, DPC_EPT, 1, {"Termination_parameter":1000 "Gamma":0.95 "Epsilon":0.1 "Ucb_c":5 "Rollout_capture":0 "Termination_func_param":0 "POMCP_name":"" "Prior_hybrid":null "Selection_hybrid":null "Rollout_selection":null "Early_playout_termination":null "Opponent_modelling":false "OM_Threshold":0}, {"Termination_parameter":1000 "Gamma":0.95 "Epsilon":0.1 "Ucb_c":5 "Rollout_capture":0 "Termination_func_param":0 "POMCP_name":"DPC_EPT" "Prior_hybrid":null "Selection_hybrid":null "Rollout_selection":null "Early_playout_termination":{"Max_depth":4} "Opponent_modelling":false "OM_Threshold":0}, [{1 6 false} {24 19 false} {6 11 false} {22 17 false} {11 17 true} {23 17 true} {3 8 false} {20 15 false} {8 13 false} {15 10 false} {13 18 false} {21 16 false} {18 23 false}], [71568 84410 83341 76101 131489 23379 97138 3557 111159 3318 161411 3313 695940], [1 5 5 5 2 5 3 5 5 5 4 5 8] 
POMCP, DPC_EPT, 1, {"Termination_parameter":1000 "Gamma":0.95 "Epsilon":0.1 "Ucb_c":5 "Rollout_capture":0 "Termination_func_param":0 "POMCP_name":"" "Prior_hybrid":null "Selection_hybrid":null "Rollout_selection":null "Early_playout_termination":null "Opponent_modelling":false "OM_Threshold":0}, {"Termination_parameter":1000 "Gamma":0.95 "Epsilon":0.1 "Ucb_c":5 "Rollout_capture":0 "Termination_func_param":0 "POMCP_name":"DPC_EPT" "Prior_hybrid":null "Selection_hybrid":null "Rollout_selection":null "Early_playout_termination":{"Max_depth":12} "Opponent_modelling":false "OM_Threshold":0}, [{1 6 false} {24 19 false} {6 11 false} {21 16 false} {2 7 false} {22 17 false} {11 17 true} {16 11 false} {17 23 true}], [74555 81455 78386 72900 79404 30182 178700 3428 526326], [1 5 5 5 2 5 2 5 1] 
POMCP, DPC_EPT, 1, {"Termination_parameter":1000 "Gamma":0.95 "Epsilon":0.1 "Ucb_c":5 "Rollout_capture":0 "Termination_func_param":0 "POMCP_name":"" "Prior_hybrid":null "Selection_hybrid":null "Rollout_selection":null "Early_playout_termination":null "Opponent_modelling":false "OM_Threshold":0}, {"Termination_parameter":1000 "Gamma":0.95 "Epsilon":0.1 "Ucb_c":5 "Rollout_capture":0 "Termination_func_param":0 "POMCP_name":"DPC_EPT" "Prior_hybrid":null "Selection_hybrid":null "Rollout_selection":null "Early_playout_termination":{"Max_depth":12} "Opponent_modelling":false "OM_Threshold":0}, [{3 8 false} {22 17 false} {8 13 false} {23 18 false} {13 17 true} {24 19 false} {17 22 false}], [74324 77636 76417 71700 178035 34520 628154], [1 5 5 5 1 5 3] 
POMCP, DPC_EPT, 1, {"Termination_parameter":1000 "Gamma":0.95 "Epsilon":0.1 "Ucb_c":5 "Rollout_capture":0 "Termination_func_param":0 "POMCP_name":"" "Prior_hybrid":null "Selection_hybrid":null "Rollout_selection":null "Early_playout_termination":null "Opponent_modelling":false "OM_Threshold":0}, {"Termination_parameter":1000 "Gamma":0.95 "Epsilon":0.1 "Ucb_c":5 "Rollout_capture":0 "Termination_func_param":0 "POMCP_name":"DPC_EPT" "Prior_hybrid":null "Selection_hybrid":null "Rollout_selection":null "Early_playout_termination":{"Max_depth":4} "Opponent_modelling":false "OM_Threshold":0}, [{1 6 false} {24 19 false} {6 11 false} {21 16 false} {2 7 false} {19 14 false} {7 12 false} {22 17 false} {11 17 true} {23 17 true} {12 16 true} {20 16 true} {3 8 false} {17 12 false} {8 12 true} {16 11 false} {12 17 false} {14 9 false} {17 22 false}], [74678 83361 81595 78920 77623 21677 58520 3561 94499 3545 143581 3489 170085 3320 247803 3256 428607 3314 686153], [1 5 5 5 2 5 2 5 1 5 1 5 1 5 1 5 1 5 1] 
POMCP, DPC_EPT, 1, {"Termination_parameter":1000 "Gamma":0.95 "Epsilon":0.1 "Ucb_c":5 "Rollout_capture":0 "Termination_func_param":0 "POMCP_name":"" "Prior_hybrid":null "Selection_hybrid":null "Rollout_selection":null "Early_playout_termination":null "Opponent_modelling":false "OM_Threshold":0}, {"Termination_parameter":1000 "Gamma":0.95 "Epsilon":0.1 "Ucb_c":5 "Rollout_capture":0 "Termination_func_param":0 "POMCP_name":"DPC_EPT" "Prior_hybrid":null "Selection_hybrid":null "Rollout_selection":null "Early_playout_termination":{"Max_depth":4} "Opponent_modelling":false "OM_Threshold":0}, [{3 8 false} {21 16 false} {8 13 false} {16 11 false} {13 18 false} {24 19 false} {18 22 true}], [74669 85938 80542 77736 85150 19463 613078], [1 5 5 5 5 5 5] 
POMCP, DPC_EPT, 1, {"Termination_parameter":1000 "Gamma":0.95 "Epsilon":0.1 "Ucb_c":5 "Rollout_capture":0 "Termination_func_param":0 "POMCP_name":"" "Prior_hybrid":null "Selection_hybrid":null "Rollout_selection":null "Early_playout_termination":null "Opponent_modelling":false "OM_Threshold":0}, {"Termination_parameter":1000 "Gamma":0.95 "Epsilon":0.1 "Ucb_c":5 "Rollout_capture":0 "Termination_func_param":0 "POMCP_name":"DPC_EPT" "Prior_hybrid":null "Selection_hybrid":null "Rollout_selection":null "Early_playout_termination":{"Max_depth":12} "Opponent_modelling":false "OM_Threshold":0}, [{3 8 false} {22 17 false} {8 13 false} {17 12 false} {13 18 false} {24 18 true} {2 7 false} {21 16 false} {4 9 false} {20 15 false} {1 6 false} {15 10 false} {6 12 true} {18 13 false} {12 17 false} {16 11 false} {17 22 false}], [71082 79249 79440 74317 93594 30775 52578 3802 92565 2588 115195 3093 146338 3309 180119 3693 183475], [1 5 5 5 5 5 8 5 2 5 2 5 1 5 1 5 1] 
POMCP, DPC_EPT, 1, {"Termination_parameter":1000 "Gamma":0.95 "Epsilon":0.1 "Ucb_c":5 "Rollout_capture":0 "Termination_func_param":0 "POMCP_name":"" "Prior_hybrid":null "Selection_hybrid":null "Rollout_selection":null "Early_playout_termination":null "Opponent_modelling":false "OM_Threshold":0}, {"Termination_parameter":1000 "Gamma":0.95 "Epsilon":0.1 "Ucb_c":5 "Rollout_capture":0 "Termination_func_param":0 "POMCP_name":"DPC_EPT" "Prior_hybrid":null "Selection_hybrid":null "Rollout_selection":null "Early_playout_termination":{"Max_depth":4} "Opponent_modelling":false "OM_Threshold":0}, [{3 8 false} {23 18 false} {8 13 false} {22 17 false} {13 17 true} {21 17 true} {1 6 false} {24 19 false} {6 11 false} {18 13 false} {11 16 false} {20 16 true} {2 7 false} {16 11 false} {7 13 true} {19 14 false} {13 18 false} {17 12 false} {18 23 false}], [72858 79496 79374 77877 187037 26534 98599 3314 108732 3357 183979 3232 148563 2610 187521 2473 310443 2458 1005447], [1 5 5 5 1 5 1 5 3 5 3 5 2 5 1 5 1 5 1] 
POMCP, DPC_EPT, 1, {"Termination_parameter":1000 "Gamma":0.95 "Epsilon":0.1 "Ucb_c":5 "Rollout_capture":0 "Termination_func_param":0 "POMCP_name":"" "Prior_hybrid":null "Selection_hybrid":null "Rollout_selection":null "Early_playout_termination":null "Opponent_modelling":false "OM_Threshold":0}, {"Termination_parameter":1000 "Gamma":0.95 "Epsilon":0.1 "Ucb_c":5 "Rollout_capture":0 "Termination_func_param":0 "POMCP_name":"DPC_EPT" "Prior_hybrid":null "Selection_hybrid":null "Rollout_selection":null "Early_playout_termination":{"Max_depth":12} "Opponent_modelling":false "OM_Threshold":0}, [{1 6 false} {20 15 false} {6 11 false} {24 19 false} {11 15 true} {21 15 true} {4 9 false} {22 17 false} {3 8 false} {19 14 false} {8 14 true} {17 12 false} {2 7 false} {15 10 false} {0 5 false} {23 18 false} {14 18 true}], [74986 77765 82496 71989 161440 33723 99805 2719 102956 2489 166817 2480 213673 3362 301935 3427 336021], [1 5 5 5 2 5 2 5 5 5 3 5 2 5 1 5 1] 
POMCP, DPC_EPT, 1, {"Termination_parameter":1000 "Gamma":0.95 "Epsilon":0.1 "Ucb_c":5 "Rollout_capture":0 "Termination_func_param":0 "POMCP_name":"" "Prior_hybrid":null "Selection_hybrid":null "Rollout_selection":null "Early_playout_termination":null "Opponent_modelling":false "OM_Threshold":0}, {"Termination_parameter":1000 "Gamma":0.95 "Epsilon":0.1 "Ucb_c":5 "Rollout_capture":0 "Termination_func_param":0 "POMCP_name":"DPC_EPT" "Prior_hybrid":null "Selection_hybrid":null "Rollout_selection":null "Early_playout_termination":{"Max_depth":12} "Opponent_modelling":false "OM_Threshold":0}, [{1 6 false} {20 15 false} {6 11 false} {22 17 false} {11 15 true} {17 12 false} {15 20 false}], [72760 78913 81143 69947 169256 34731 614080], [1 5 5 5 1 5 3] 
POMCP, DPC_EPT, 1, {"Termination_parameter":1000 "Gamma":0.95 "Epsilon":0.1 "Ucb_c":5 "Rollout_capture":0 "Termination_func_param":0 "POMCP_name":"" "Prior_hybrid":null "Selection_hybrid":null "Rollout_selection":null "Early_playout_termination":null "Opponent_modelling":false "OM_Threshold":0}, {"Termination_parameter":1000 "Gamma":0.95 "Epsilon":0.1 "Ucb_c":5 "Rollout_capture":0 "Termination_func_param":0 "POMCP_name":"DPC_EPT" "Prior_hybrid":null "Selection_hybrid":null "Rollout_selection":null "Early_playout_termination":{"Max_depth":4} "Opponent_modelling":false "OM_Threshold":0}, [{3 8 false} {20 15 false} {8 13 false} {15 10 false} {13 18 false} {22 18 true} {2 7 false} {18 13 false} {7 13 true} {24 19 false} {13 19 true} {21 16 false} {19 23 true}], [71759 84764 79912 73141 88010 25922 53326 3556 80871 3195 145370 3705 164830], [1 5 5 5 5 5 8 5 5 5 2 5 2] 
POMCP, DPC_EPT, 1, {"Termination_parameter":1000 "Gamma":0.95 "Epsilon":0.1 "Ucb_c":5 "Rollout_capture":0 "Termination_func_param":0 "POMCP_name":"" "Prior_hybrid":null "Selection_hybrid":null "Rollout_selection":null "Early_playout_termination":null "Opponent_modelling":false "OM_Threshold":0}, {"Termination_parameter":1000 "Gamma":0.95 "Epsilon":0.1 "Ucb_c":5 "Rollout_capture":0 "Termination_func_param":0 "POMCP_name":"DPC_EPT" "Prior_hybrid":null "Selection_hybrid":null "Rollout_selection":null "Early_playout_termination":{"Max_depth":12} "Opponent_modelling":false "OM_Threshold":0}, [{1 6 false} {20 15 false} {6 11 false} {24 19 false} {11 15 true} {21 15 true} {2 7 false} {22 17 false} {3 8 false} {17 12 false} {8 12 true} {23 18 false} {12 17 false} {18 13 false} {17 22 false}], [71909 79214 82025 74258 181368 31415 104924 3868 125164 3483 161296 3611 235566 3859 361929], [1 5 5 5 2 5 2 5 6 5 2 5 2 5 2] 
